optimizer,backend,n2,k_box,p_rule,rank,success,candidate_name,json_file
exhaustive,analytical,4,1,0.7,1,0.6875,majority_n2_4_k_1_b_0,c:\Users\nly99857\OneDrive - Philips\SW Projects\SSF\work\benchmarks\ark_matrix\exhaustive_analytical_n2_4_k_1.json
exhaustive,analytical,4,1,0.7,2,0.675,hybrid_horiz_maj_pyr_n2_4_k_1_split_2_2_b_0,c:\Users\nly99857\OneDrive - Philips\SW Projects\SSF\work\benchmarks\ark_matrix\exhaustive_analytical_n2_4_k_1.json
exhaustive,analytical,4,1,0.7,3,0.675,hybrid_horiz_pyr_maj_n2_4_k_1_split_2_2_b_0,c:\Users\nly99857\OneDrive - Philips\SW Projects\SSF\work\benchmarks\ark_matrix\exhaustive_analytical_n2_4_k_1.json
exhaustive,analytical,4,1,0.7,4,0.5999999999999999,hybrid_vert_maj_pyr_n2_4_k_1_s_1_b_0,c:\Users\nly99857\OneDrive - Philips\SW Projects\SSF\work\benchmarks\ark_matrix\exhaustive_analytical_n2_4_k_1.json
exhaustive,analytical,4,1,0.8,1,0.7,hybrid_horiz_maj_pyr_n2_4_k_1_split_2_2_b_0,c:\Users\nly99857\OneDrive - Philips\SW Projects\SSF\work\benchmarks\ark_matrix\exhaustive_analytical_n2_4_k_1.json
exhaustive,analytical,4,1,0.8,2,0.7,hybrid_horiz_pyr_maj_n2_4_k_1_split_2_2_b_0,c:\Users\nly99857\OneDrive - Philips\SW Projects\SSF\work\benchmarks\ark_matrix\exhaustive_analytical_n2_4_k_1.json
exhaustive,analytical,4,1,0.8,3,0.6875,majority_n2_4_k_1_b_0,c:\Users\nly99857\OneDrive - Philips\SW Projects\SSF\work\benchmarks\ark_matrix\exhaustive_analytical_n2_4_k_1.json
exhaustive,analytical,4,1,0.8,4,0.6500000000000001,hybrid_vert_maj_pyr_n2_4_k_1_s_1_b_0,c:\Users\nly99857\OneDrive - Philips\SW Projects\SSF\work\benchmarks\ark_matrix\exhaustive_analytical_n2_4_k_1.json
exhaustive,analytical,4,1,0.9,1,0.725,hybrid_horiz_maj_pyr_n2_4_k_1_split_2_2_b_0,c:\Users\nly99857\OneDrive - Philips\SW Projects\SSF\work\benchmarks\ark_matrix\exhaustive_analytical_n2_4_k_1.json
exhaustive,analytical,4,1,0.9,2,0.725,hybrid_horiz_pyr_maj_n2_4_k_1_split_2_2_b_0,c:\Users\nly99857\OneDrive - Philips\SW Projects\SSF\work\benchmarks\ark_matrix\exhaustive_analytical_n2_4_k_1.json
exhaustive,analytical,4,1,0.9,3,0.7000000000000001,hybrid_vert_maj_pyr_n2_4_k_1_s_1_b_0,c:\Users\nly99857\OneDrive - Philips\SW Projects\SSF\work\benchmarks\ark_matrix\exhaustive_analytical_n2_4_k_1.json
exhaustive,analytical,4,1,0.9,4,0.6875,majority_n2_4_k_1_b_0,c:\Users\nly99857\OneDrive - Philips\SW Projects\SSF\work\benchmarks\ark_matrix\exhaustive_analytical_n2_4_k_1.json
exhaustive,analytical,4,3,0.7,1,0.6875,majority_n2_4_k_3_b_0,c:\Users\nly99857\OneDrive - Philips\SW Projects\SSF\work\benchmarks\ark_matrix\exhaustive_analytical_n2_4_k_3.json
exhaustive,analytical,4,3,0.7,2,0.675,hybrid_horiz_maj_pyr_n2_4_k_3_split_2_2_b_0,c:\Users\nly99857\OneDrive - Philips\SW Projects\SSF\work\benchmarks\ark_matrix\exhaustive_analytical_n2_4_k_3.json
exhaustive,analytical,4,3,0.7,3,0.675,hybrid_horiz_pyr_maj_n2_4_k_3_split_2_2_b_0,c:\Users\nly99857\OneDrive - Philips\SW Projects\SSF\work\benchmarks\ark_matrix\exhaustive_analytical_n2_4_k_3.json
exhaustive,analytical,4,3,0.7,4,0.5999999999999999,hybrid_vert_maj_pyr_n2_4_k_3_s_1_b_0,c:\Users\nly99857\OneDrive - Philips\SW Projects\SSF\work\benchmarks\ark_matrix\exhaustive_analytical_n2_4_k_3.json
exhaustive,analytical,4,3,0.7,5,0.5999999999999999,hybrid_vert_pyr_maj_n2_4_k_3_s_1_b_0,c:\Users\nly99857\OneDrive - Philips\SW Projects\SSF\work\benchmarks\ark_matrix\exhaustive_analytical_n2_4_k_3.json
exhaustive,analytical,4,3,0.7,6,0.58,pyramid_n2_4_k_3,c:\Users\nly99857\OneDrive - Philips\SW Projects\SSF\work\benchmarks\ark_matrix\exhaustive_analytical_n2_4_k_3.json
exhaustive,analytical,4,3,0.8,1,0.7,hybrid_horiz_maj_pyr_n2_4_k_3_split_2_2_b_0,c:\Users\nly99857\OneDrive - Philips\SW Projects\SSF\work\benchmarks\ark_matrix\exhaustive_analytical_n2_4_k_3.json
exhaustive,analytical,4,3,0.8,2,0.7,hybrid_horiz_pyr_maj_n2_4_k_3_split_2_2_b_0,c:\Users\nly99857\OneDrive - Philips\SW Projects\SSF\work\benchmarks\ark_matrix\exhaustive_analytical_n2_4_k_3.json
exhaustive,analytical,4,3,0.8,3,0.6875,majority_n2_4_k_3_b_0,c:\Users\nly99857\OneDrive - Philips\SW Projects\SSF\work\benchmarks\ark_matrix\exhaustive_analytical_n2_4_k_3.json
exhaustive,analytical,4,3,0.8,4,0.68,pyramid_n2_4_k_3,c:\Users\nly99857\OneDrive - Philips\SW Projects\SSF\work\benchmarks\ark_matrix\exhaustive_analytical_n2_4_k_3.json
exhaustive,analytical,4,3,0.8,5,0.6500000000000001,hybrid_vert_maj_pyr_n2_4_k_3_s_1_b_0,c:\Users\nly99857\OneDrive - Philips\SW Projects\SSF\work\benchmarks\ark_matrix\exhaustive_analytical_n2_4_k_3.json
exhaustive,analytical,4,3,0.8,6,0.6500000000000001,hybrid_vert_pyr_maj_n2_4_k_3_s_1_b_0,c:\Users\nly99857\OneDrive - Philips\SW Projects\SSF\work\benchmarks\ark_matrix\exhaustive_analytical_n2_4_k_3.json
exhaustive,analytical,4,3,0.9,1,0.8200000000000001,pyramid_n2_4_k_3,c:\Users\nly99857\OneDrive - Philips\SW Projects\SSF\work\benchmarks\ark_matrix\exhaustive_analytical_n2_4_k_3.json
exhaustive,analytical,4,3,0.9,2,0.725,hybrid_horiz_maj_pyr_n2_4_k_3_split_2_2_b_0,c:\Users\nly99857\OneDrive - Philips\SW Projects\SSF\work\benchmarks\ark_matrix\exhaustive_analytical_n2_4_k_3.json
exhaustive,analytical,4,3,0.9,3,0.725,hybrid_horiz_pyr_maj_n2_4_k_3_split_2_2_b_0,c:\Users\nly99857\OneDrive - Philips\SW Projects\SSF\work\benchmarks\ark_matrix\exhaustive_analytical_n2_4_k_3.json
exhaustive,analytical,4,3,0.9,4,0.7000000000000001,hybrid_vert_maj_pyr_n2_4_k_3_s_1_b_0,c:\Users\nly99857\OneDrive - Philips\SW Projects\SSF\work\benchmarks\ark_matrix\exhaustive_analytical_n2_4_k_3.json
exhaustive,analytical,4,3,0.9,5,0.7000000000000001,hybrid_vert_pyr_maj_n2_4_k_3_s_1_b_0,c:\Users\nly99857\OneDrive - Philips\SW Projects\SSF\work\benchmarks\ark_matrix\exhaustive_analytical_n2_4_k_3.json
exhaustive,analytical,4,3,0.9,6,0.6875,majority_n2_4_k_3_b_0,c:\Users\nly99857\OneDrive - Philips\SW Projects\SSF\work\benchmarks\ark_matrix\exhaustive_analytical_n2_4_k_3.json
exhaustive,analytical,8,1,0.7,1,0.63671875,majority_n2_8_k_1_b_0,c:\Users\nly99857\OneDrive - Philips\SW Projects\SSF\work\benchmarks\ark_matrix\exhaustive_analytical_n2_8_k_1.json
exhaustive,analytical,8,1,0.7,2,0.6328125,hybrid_horiz_maj_pyr_n2_8_k_1_split_6_2_b_0,c:\Users\nly99857\OneDrive - Philips\SW Projects\SSF\work\benchmarks\ark_matrix\exhaustive_analytical_n2_8_k_1.json
exhaustive,analytical,8,1,0.7,3,0.6328125,hybrid_horiz_pyr_maj_n2_8_k_1_split_2_6_b_0,c:\Users\nly99857\OneDrive - Philips\SW Projects\SSF\work\benchmarks\ark_matrix\exhaustive_analytical_n2_8_k_1.json
exhaustive,analytical,8,1,0.7,4,0.59765625,hybrid_horiz_maj_pyr_n2_8_k_1_split_6_2_b_2,c:\Users\nly99857\OneDrive - Philips\SW Projects\SSF\work\benchmarks\ark_matrix\exhaustive_analytical_n2_8_k_1.json
exhaustive,analytical,8,1,0.7,5,0.59765625,hybrid_horiz_pyr_maj_n2_8_k_1_split_2_6_b_2,c:\Users\nly99857\OneDrive - Philips\SW Projects\SSF\work\benchmarks\ark_matrix\exhaustive_analytical_n2_8_k_1.json
exhaustive,analytical,8,1,0.7,6,0.58203125,majority_n2_8_k_1_b_2,c:\Users\nly99857\OneDrive - Philips\SW Projects\SSF\work\benchmarks\ark_matrix\exhaustive_analytical_n2_8_k_1.json
exhaustive,analytical,8,1,0.7,7,0.575,hybrid_vert_maj_pyr_n2_8_k_1_s_1_b_0,c:\Users\nly99857\OneDrive - Philips\SW Projects\SSF\work\benchmarks\ark_matrix\exhaustive_analytical_n2_8_k_1.json
exhaustive,analytical,8,1,0.8,1,0.640625,hybrid_horiz_maj_pyr_n2_8_k_1_split_6_2_b_0,c:\Users\nly99857\OneDrive - Philips\SW Projects\SSF\work\benchmarks\ark_matrix\exhaustive_analytical_n2_8_k_1.json
exhaustive,analytical,8,1,0.8,2,0.640625,hybrid_horiz_pyr_maj_n2_8_k_1_split_2_6_b_0,c:\Users\nly99857\OneDrive - Philips\SW Projects\SSF\work\benchmarks\ark_matrix\exhaustive_analytical_n2_8_k_1.json
exhaustive,analytical,8,1,0.8,3,0.63671875,majority_n2_8_k_1_b_0,c:\Users\nly99857\OneDrive - Philips\SW Projects\SSF\work\benchmarks\ark_matrix\exhaustive_analytical_n2_8_k_1.json
exhaustive,analytical,8,1,0.8,4,0.6171875,hybrid_horiz_maj_pyr_n2_8_k_1_split_6_2_b_2,c:\Users\nly99857\OneDrive - Philips\SW Projects\SSF\work\benchmarks\ark_matrix\exhaustive_analytical_n2_8_k_1.json
exhaustive,analytical,8,1,0.8,5,0.6171875,hybrid_horiz_pyr_maj_n2_8_k_1_split_2_6_b_2,c:\Users\nly99857\OneDrive - Philips\SW Projects\SSF\work\benchmarks\ark_matrix\exhaustive_analytical_n2_8_k_1.json
exhaustive,analytical,8,1,0.8,6,0.6125,hybrid_vert_maj_pyr_n2_8_k_1_s_1_b_0,c:\Users\nly99857\OneDrive - Philips\SW Projects\SSF\work\benchmarks\ark_matrix\exhaustive_analytical_n2_8_k_1.json
exhaustive,analytical,8,1,0.8,7,0.58203125,majority_n2_8_k_1_b_2,c:\Users\nly99857\OneDrive - Philips\SW Projects\SSF\work\benchmarks\ark_matrix\exhaustive_analytical_n2_8_k_1.json
exhaustive,analytical,8,1,0.9,1,0.65,hybrid_vert_maj_pyr_n2_8_k_1_s_1_b_0,c:\Users\nly99857\OneDrive - Philips\SW Projects\SSF\work\benchmarks\ark_matrix\exhaustive_analytical_n2_8_k_1.json
exhaustive,analytical,8,1,0.9,2,0.6484375,hybrid_horiz_maj_pyr_n2_8_k_1_split_6_2_b_0,c:\Users\nly99857\OneDrive - Philips\SW Projects\SSF\work\benchmarks\ark_matrix\exhaustive_analytical_n2_8_k_1.json
exhaustive,analytical,8,1,0.9,3,0.6484375,hybrid_horiz_pyr_maj_n2_8_k_1_split_2_6_b_0,c:\Users\nly99857\OneDrive - Philips\SW Projects\SSF\work\benchmarks\ark_matrix\exhaustive_analytical_n2_8_k_1.json
exhaustive,analytical,8,1,0.9,4,0.63671875,hybrid_horiz_maj_pyr_n2_8_k_1_split_6_2_b_2,c:\Users\nly99857\OneDrive - Philips\SW Projects\SSF\work\benchmarks\ark_matrix\exhaustive_analytical_n2_8_k_1.json
exhaustive,analytical,8,1,0.9,5,0.63671875,hybrid_horiz_pyr_maj_n2_8_k_1_split_2_6_b_2,c:\Users\nly99857\OneDrive - Philips\SW Projects\SSF\work\benchmarks\ark_matrix\exhaustive_analytical_n2_8_k_1.json
exhaustive,analytical,8,1,0.9,6,0.63671875,majority_n2_8_k_1_b_0,c:\Users\nly99857\OneDrive - Philips\SW Projects\SSF\work\benchmarks\ark_matrix\exhaustive_analytical_n2_8_k_1.json
exhaustive,analytical,8,1,0.9,7,0.58203125,majority_n2_8_k_1_b_2,c:\Users\nly99857\OneDrive - Philips\SW Projects\SSF\work\benchmarks\ark_matrix\exhaustive_analytical_n2_8_k_1.json
exhaustive,analytical,8,7,0.7,1,0.63671875,majority_n2_8_k_7_b_0,c:\Users\nly99857\OneDrive - Philips\SW Projects\SSF\work\benchmarks\ark_matrix\exhaustive_analytical_n2_8_k_7.json
exhaustive,analytical,8,7,0.7,2,0.6328125,hybrid_horiz_maj_pyr_n2_8_k_7_split_6_2_b_0,c:\Users\nly99857\OneDrive - Philips\SW Projects\SSF\work\benchmarks\ark_matrix\exhaustive_analytical_n2_8_k_7.json
exhaustive,analytical,8,7,0.7,3,0.6328125,hybrid_horiz_pyr_maj_n2_8_k_7_split_2_6_b_0,c:\Users\nly99857\OneDrive - Philips\SW Projects\SSF\work\benchmarks\ark_matrix\exhaustive_analytical_n2_8_k_7.json
exhaustive,analytical,8,7,0.7,4,0.60875,hybrid_horiz_maj_pyr_n2_8_k_7_split_4_4_b_0,c:\Users\nly99857\OneDrive - Philips\SW Projects\SSF\work\benchmarks\ark_matrix\exhaustive_analytical_n2_8_k_7.json
exhaustive,analytical,8,7,0.7,5,0.60875,hybrid_horiz_pyr_maj_n2_8_k_7_split_4_4_b_0,c:\Users\nly99857\OneDrive - Philips\SW Projects\SSF\work\benchmarks\ark_matrix\exhaustive_analytical_n2_8_k_7.json
exhaustive,analytical,8,7,0.7,6,0.59765625,hybrid_horiz_maj_pyr_n2_8_k_7_split_6_2_b_2,c:\Users\nly99857\OneDrive - Philips\SW Projects\SSF\work\benchmarks\ark_matrix\exhaustive_analytical_n2_8_k_7.json
exhaustive,analytical,8,7,0.7,7,0.59765625,hybrid_horiz_pyr_maj_n2_8_k_7_split_2_6_b_2,c:\Users\nly99857\OneDrive - Philips\SW Projects\SSF\work\benchmarks\ark_matrix\exhaustive_analytical_n2_8_k_7.json
exhaustive,analytical,8,7,0.7,8,0.58203125,majority_n2_8_k_7_b_2,c:\Users\nly99857\OneDrive - Philips\SW Projects\SSF\work\benchmarks\ark_matrix\exhaustive_analytical_n2_8_k_7.json
exhaustive,analytical,8,7,0.7,9,0.575,hybrid_vert_maj_pyr_n2_8_k_7_s_1_b_0,c:\Users\nly99857\OneDrive - Philips\SW Projects\SSF\work\benchmarks\ark_matrix\exhaustive_analytical_n2_8_k_7.json
exhaustive,analytical,8,7,0.7,10,0.575,hybrid_vert_pyr_maj_n2_8_k_7_s_1_b_0,c:\Users\nly99857\OneDrive - Philips\SW Projects\SSF\work\benchmarks\ark_matrix\exhaustive_analytical_n2_8_k_7.json
exhaustive,analytical,8,7,0.8,1,0.640625,hybrid_horiz_maj_pyr_n2_8_k_7_split_6_2_b_0,c:\Users\nly99857\OneDrive - Philips\SW Projects\SSF\work\benchmarks\ark_matrix\exhaustive_analytical_n2_8_k_7.json
exhaustive,analytical,8,7,0.8,2,0.640625,hybrid_horiz_pyr_maj_n2_8_k_7_split_2_6_b_0,c:\Users\nly99857\OneDrive - Philips\SW Projects\SSF\work\benchmarks\ark_matrix\exhaustive_analytical_n2_8_k_7.json
exhaustive,analytical,8,7,0.8,3,0.63671875,majority_n2_8_k_7_b_0,c:\Users\nly99857\OneDrive - Philips\SW Projects\SSF\work\benchmarks\ark_matrix\exhaustive_analytical_n2_8_k_7.json
exhaustive,analytical,8,7,0.8,4,0.6275,hybrid_horiz_maj_pyr_n2_8_k_7_split_4_4_b_0,c:\Users\nly99857\OneDrive - Philips\SW Projects\SSF\work\benchmarks\ark_matrix\exhaustive_analytical_n2_8_k_7.json
exhaustive,analytical,8,7,0.8,5,0.6275,hybrid_horiz_pyr_maj_n2_8_k_7_split_4_4_b_0,c:\Users\nly99857\OneDrive - Philips\SW Projects\SSF\work\benchmarks\ark_matrix\exhaustive_analytical_n2_8_k_7.json
exhaustive,analytical,8,7,0.8,6,0.6171875,hybrid_horiz_maj_pyr_n2_8_k_7_split_6_2_b_2,c:\Users\nly99857\OneDrive - Philips\SW Projects\SSF\work\benchmarks\ark_matrix\exhaustive_analytical_n2_8_k_7.json
exhaustive,analytical,8,7,0.8,7,0.6171875,hybrid_horiz_pyr_maj_n2_8_k_7_split_2_6_b_2,c:\Users\nly99857\OneDrive - Philips\SW Projects\SSF\work\benchmarks\ark_matrix\exhaustive_analytical_n2_8_k_7.json
exhaustive,analytical,8,7,0.8,8,0.6125,hybrid_vert_maj_pyr_n2_8_k_7_s_1_b_0,c:\Users\nly99857\OneDrive - Philips\SW Projects\SSF\work\benchmarks\ark_matrix\exhaustive_analytical_n2_8_k_7.json
exhaustive,analytical,8,7,0.8,9,0.6125,hybrid_vert_pyr_maj_n2_8_k_7_s_1_b_0,c:\Users\nly99857\OneDrive - Philips\SW Projects\SSF\work\benchmarks\ark_matrix\exhaustive_analytical_n2_8_k_7.json
exhaustive,analytical,8,7,0.8,10,0.6080000000000001,pyramid_n2_8_k_7,c:\Users\nly99857\OneDrive - Philips\SW Projects\SSF\work\benchmarks\ark_matrix\exhaustive_analytical_n2_8_k_7.json
exhaustive,analytical,8,7,0.9,1,0.756,pyramid_n2_8_k_7,c:\Users\nly99857\OneDrive - Philips\SW Projects\SSF\work\benchmarks\ark_matrix\exhaustive_analytical_n2_8_k_7.json
exhaustive,analytical,8,7,0.9,2,0.6599999999999999,hybrid_vert_maj_pyr_n2_8_k_7_s_2_b_0,c:\Users\nly99857\OneDrive - Philips\SW Projects\SSF\work\benchmarks\ark_matrix\exhaustive_analytical_n2_8_k_7.json
exhaustive,analytical,8,7,0.9,3,0.6599999999999999,hybrid_vert_pyr_maj_n2_8_k_7_s_2_b_0,c:\Users\nly99857\OneDrive - Philips\SW Projects\SSF\work\benchmarks\ark_matrix\exhaustive_analytical_n2_8_k_7.json
exhaustive,analytical,8,7,0.9,4,0.65375,hybrid_horiz_maj_pyr_n2_8_k_7_split_4_4_b_0,c:\Users\nly99857\OneDrive - Philips\SW Projects\SSF\work\benchmarks\ark_matrix\exhaustive_analytical_n2_8_k_7.json
exhaustive,analytical,8,7,0.9,5,0.65375,hybrid_horiz_pyr_maj_n2_8_k_7_split_4_4_b_0,c:\Users\nly99857\OneDrive - Philips\SW Projects\SSF\work\benchmarks\ark_matrix\exhaustive_analytical_n2_8_k_7.json
exhaustive,analytical,8,7,0.9,6,0.65,hybrid_vert_maj_pyr_n2_8_k_7_s_1_b_0,c:\Users\nly99857\OneDrive - Philips\SW Projects\SSF\work\benchmarks\ark_matrix\exhaustive_analytical_n2_8_k_7.json
exhaustive,analytical,8,7,0.9,7,0.65,hybrid_vert_pyr_maj_n2_8_k_7_s_1_b_0,c:\Users\nly99857\OneDrive - Philips\SW Projects\SSF\work\benchmarks\ark_matrix\exhaustive_analytical_n2_8_k_7.json
exhaustive,analytical,8,7,0.9,8,0.6484375,hybrid_horiz_maj_pyr_n2_8_k_7_split_6_2_b_0,c:\Users\nly99857\OneDrive - Philips\SW Projects\SSF\work\benchmarks\ark_matrix\exhaustive_analytical_n2_8_k_7.json
exhaustive,analytical,8,7,0.9,9,0.6484375,hybrid_horiz_pyr_maj_n2_8_k_7_split_2_6_b_0,c:\Users\nly99857\OneDrive - Philips\SW Projects\SSF\work\benchmarks\ark_matrix\exhaustive_analytical_n2_8_k_7.json
exhaustive,analytical,8,7,0.9,10,0.63671875,hybrid_horiz_maj_pyr_n2_8_k_7_split_6_2_b_2,c:\Users\nly99857\OneDrive - Philips\SW Projects\SSF\work\benchmarks\ark_matrix\exhaustive_analytical_n2_8_k_7.json
exhaustive,analytical,16,1,0.7,1,0.5981903076171875,majority_n2_16_k_1_b_0,c:\Users\nly99857\OneDrive - Philips\SW Projects\SSF\work\benchmarks\ark_matrix\exhaustive_analytical_n2_16_k_1.json
exhaustive,analytical,16,1,0.7,2,0.596881103515625,hybrid_horiz_maj_pyr_n2_16_k_1_split_14_2_b_0,c:\Users\nly99857\OneDrive - Philips\SW Projects\SSF\work\benchmarks\ark_matrix\exhaustive_analytical_n2_16_k_1.json
exhaustive,analytical,16,1,0.7,3,0.596881103515625,hybrid_horiz_pyr_maj_n2_16_k_1_split_2_14_b_0,c:\Users\nly99857\OneDrive - Philips\SW Projects\SSF\work\benchmarks\ark_matrix\exhaustive_analytical_n2_16_k_1.json
exhaustive,analytical,16,1,0.7,4,0.5831344604492188,hybrid_horiz_maj_pyr_n2_16_k_1_split_14_2_b_2,c:\Users\nly99857\OneDrive - Philips\SW Projects\SSF\work\benchmarks\ark_matrix\exhaustive_analytical_n2_16_k_1.json
exhaustive,analytical,16,1,0.7,5,0.5831344604492188,hybrid_horiz_pyr_maj_n2_16_k_1_split_2_14_b_2,c:\Users\nly99857\OneDrive - Philips\SW Projects\SSF\work\benchmarks\ark_matrix\exhaustive_analytical_n2_16_k_1.json
exhaustive,analytical,16,1,0.7,6,0.5763702392578125,majority_n2_16_k_1_b_2,c:\Users\nly99857\OneDrive - Philips\SW Projects\SSF\work\benchmarks\ark_matrix\exhaustive_analytical_n2_16_k_1.json
exhaustive,analytical,16,1,0.7,7,0.5586959838867187,hybrid_horiz_maj_pyr_n2_16_k_1_split_14_2_b_4,c:\Users\nly99857\OneDrive - Philips\SW Projects\SSF\work\benchmarks\ark_matrix\exhaustive_analytical_n2_16_k_1.json
exhaustive,analytical,16,1,0.7,8,0.5586959838867187,hybrid_horiz_pyr_maj_n2_16_k_1_split_2_14_b_4,c:\Users\nly99857\OneDrive - Philips\SW Projects\SSF\work\benchmarks\ark_matrix\exhaustive_analytical_n2_16_k_1.json
exhaustive,analytical,16,1,0.7,9,0.5546875,hybrid_vert_maj_pyr_n2_16_k_1_s_1_b_0,c:\Users\nly99857\OneDrive - Philips\SW Projects\SSF\work\benchmarks\ark_matrix\exhaustive_analytical_n2_16_k_1.json
exhaustive,analytical,16,1,0.7,10,0.5458221435546875,majority_n2_16_k_1_b_4,c:\Users\nly99857\OneDrive - Philips\SW Projects\SSF\work\benchmarks\ark_matrix\exhaustive_analytical_n2_16_k_1.json
exhaustive,analytical,16,1,0.8,1,0.59949951171875,hybrid_horiz_maj_pyr_n2_16_k_1_split_14_2_b_0,c:\Users\nly99857\OneDrive - Philips\SW Projects\SSF\work\benchmarks\ark_matrix\exhaustive_analytical_n2_16_k_1.json
exhaustive,analytical,16,1,0.8,2,0.59949951171875,hybrid_horiz_pyr_maj_n2_16_k_1_split_2_14_b_0,c:\Users\nly99857\OneDrive - Philips\SW Projects\SSF\work\benchmarks\ark_matrix\exhaustive_analytical_n2_16_k_1.json
exhaustive,analytical,16,1,0.8,3,0.5981903076171875,majority_n2_16_k_1_b_0,c:\Users\nly99857\OneDrive - Philips\SW Projects\SSF\work\benchmarks\ark_matrix\exhaustive_analytical_n2_16_k_1.json
exhaustive,analytical,16,1,0.8,4,0.5903350830078125,hybrid_horiz_maj_pyr_n2_16_k_1_split_14_2_b_2,c:\Users\nly99857\OneDrive - Philips\SW Projects\SSF\work\benchmarks\ark_matrix\exhaustive_analytical_n2_16_k_1.json
exhaustive,analytical,16,1,0.8,5,0.5903350830078125,hybrid_horiz_pyr_maj_n2_16_k_1_split_2_14_b_2,c:\Users\nly99857\OneDrive - Philips\SW Projects\SSF\work\benchmarks\ark_matrix\exhaustive_analytical_n2_16_k_1.json
exhaustive,analytical,16,1,0.8,6,0.58203125,hybrid_vert_maj_pyr_n2_16_k_1_s_1_b_0,c:\Users\nly99857\OneDrive - Philips\SW Projects\SSF\work\benchmarks\ark_matrix\exhaustive_analytical_n2_16_k_1.json
exhaustive,analytical,16,1,0.8,7,0.5763702392578125,majority_n2_16_k_1_b_2,c:\Users\nly99857\OneDrive - Philips\SW Projects\SSF\work\benchmarks\ark_matrix\exhaustive_analytical_n2_16_k_1.json
exhaustive,analytical,16,1,0.8,8,0.568951416015625,hybrid_horiz_maj_pyr_n2_16_k_1_split_14_2_b_4,c:\Users\nly99857\OneDrive - Philips\SW Projects\SSF\work\benchmarks\ark_matrix\exhaustive_analytical_n2_16_k_1.json
exhaustive,analytical,16,1,0.8,9,0.568951416015625,hybrid_horiz_pyr_maj_n2_16_k_1_split_2_14_b_4,c:\Users\nly99857\OneDrive - Philips\SW Projects\SSF\work\benchmarks\ark_matrix\exhaustive_analytical_n2_16_k_1.json
exhaustive,analytical,16,1,0.8,10,0.55062255859375,hybrid_horiz_maj_pyr_n2_16_k_1_split_14_2_b_6,c:\Users\nly99857\OneDrive - Philips\SW Projects\SSF\work\benchmarks\ark_matrix\exhaustive_analytical_n2_16_k_1.json
exhaustive,analytical,16,1,0.9,1,0.609375,hybrid_vert_maj_pyr_n2_16_k_1_s_1_b_0,c:\Users\nly99857\OneDrive - Philips\SW Projects\SSF\work\benchmarks\ark_matrix\exhaustive_analytical_n2_16_k_1.json
exhaustive,analytical,16,1,0.9,2,0.602117919921875,hybrid_horiz_maj_pyr_n2_16_k_1_split_14_2_b_0,c:\Users\nly99857\OneDrive - Philips\SW Projects\SSF\work\benchmarks\ark_matrix\exhaustive_analytical_n2_16_k_1.json
exhaustive,analytical,16,1,0.9,3,0.602117919921875,hybrid_horiz_pyr_maj_n2_16_k_1_split_2_14_b_0,c:\Users\nly99857\OneDrive - Philips\SW Projects\SSF\work\benchmarks\ark_matrix\exhaustive_analytical_n2_16_k_1.json
exhaustive,analytical,16,1,0.9,4,0.5981903076171875,majority_n2_16_k_1_b_0,c:\Users\nly99857\OneDrive - Philips\SW Projects\SSF\work\benchmarks\ark_matrix\exhaustive_analytical_n2_16_k_1.json
exhaustive,analytical,16,1,0.9,5,0.5975357055664062,hybrid_horiz_maj_pyr_n2_16_k_1_split_14_2_b_2,c:\Users\nly99857\OneDrive - Philips\SW Projects\SSF\work\benchmarks\ark_matrix\exhaustive_analytical_n2_16_k_1.json
exhaustive,analytical,16,1,0.9,6,0.5975357055664062,hybrid_horiz_pyr_maj_n2_16_k_1_split_2_14_b_2,c:\Users\nly99857\OneDrive - Philips\SW Projects\SSF\work\benchmarks\ark_matrix\exhaustive_analytical_n2_16_k_1.json
exhaustive,analytical,16,1,0.9,7,0.5792068481445313,hybrid_horiz_maj_pyr_n2_16_k_1_split_14_2_b_4,c:\Users\nly99857\OneDrive - Philips\SW Projects\SSF\work\benchmarks\ark_matrix\exhaustive_analytical_n2_16_k_1.json
exhaustive,analytical,16,1,0.9,8,0.5792068481445313,hybrid_horiz_pyr_maj_n2_16_k_1_split_2_14_b_4,c:\Users\nly99857\OneDrive - Philips\SW Projects\SSF\work\benchmarks\ark_matrix\exhaustive_analytical_n2_16_k_1.json
exhaustive,analytical,16,1,0.9,9,0.5763702392578125,majority_n2_16_k_1_b_2,c:\Users\nly99857\OneDrive - Philips\SW Projects\SSF\work\benchmarks\ark_matrix\exhaustive_analytical_n2_16_k_1.json
exhaustive,analytical,16,1,0.9,10,0.5656249999999999,hybrid_vert_maj_pyr_n2_16_k_1_s_1_b_2,c:\Users\nly99857\OneDrive - Philips\SW Projects\SSF\work\benchmarks\ark_matrix\exhaustive_analytical_n2_16_k_1.json
exhaustive,analytical,16,15,0.7,1,0.5981903076171875,majority_n2_16_k_15_b_0,c:\Users\nly99857\OneDrive - Philips\SW Projects\SSF\work\benchmarks\ark_matrix\exhaustive_analytical_n2_16_k_15.json
exhaustive,analytical,16,15,0.7,2,0.596881103515625,hybrid_horiz_maj_pyr_n2_16_k_15_split_14_2_b_0,c:\Users\nly99857\OneDrive - Philips\SW Projects\SSF\work\benchmarks\ark_matrix\exhaustive_analytical_n2_16_k_15.json
exhaustive,analytical,16,15,0.7,3,0.596881103515625,hybrid_horiz_pyr_maj_n2_16_k_15_split_2_14_b_0,c:\Users\nly99857\OneDrive - Philips\SW Projects\SSF\work\benchmarks\ark_matrix\exhaustive_analytical_n2_16_k_15.json
exhaustive,analytical,16,15,0.7,4,0.5891064453125,hybrid_horiz_maj_pyr_n2_16_k_15_split_12_4_b_0,c:\Users\nly99857\OneDrive - Philips\SW Projects\SSF\work\benchmarks\ark_matrix\exhaustive_analytical_n2_16_k_15.json
exhaustive,analytical,16,15,0.7,5,0.5891064453125,hybrid_horiz_pyr_maj_n2_16_k_15_split_4_12_b_0,c:\Users\nly99857\OneDrive - Philips\SW Projects\SSF\work\benchmarks\ark_matrix\exhaustive_analytical_n2_16_k_15.json
exhaustive,analytical,16,15,0.7,6,0.5831344604492188,hybrid_horiz_maj_pyr_n2_16_k_15_split_14_2_b_2,c:\Users\nly99857\OneDrive - Philips\SW Projects\SSF\work\benchmarks\ark_matrix\exhaustive_analytical_n2_16_k_15.json
exhaustive,analytical,16,15,0.7,7,0.5831344604492188,hybrid_horiz_pyr_maj_n2_16_k_15_split_2_14_b_2,c:\Users\nly99857\OneDrive - Philips\SW Projects\SSF\work\benchmarks\ark_matrix\exhaustive_analytical_n2_16_k_15.json
exhaustive,analytical,16,15,0.7,8,0.5763702392578125,majority_n2_16_k_15_b_2,c:\Users\nly99857\OneDrive - Philips\SW Projects\SSF\work\benchmarks\ark_matrix\exhaustive_analytical_n2_16_k_15.json
exhaustive,analytical,16,15,0.7,9,0.572734375,hybrid_horiz_maj_pyr_n2_16_k_15_split_8_8_b_0,c:\Users\nly99857\OneDrive - Philips\SW Projects\SSF\work\benchmarks\ark_matrix\exhaustive_analytical_n2_16_k_15.json
exhaustive,analytical,16,15,0.7,10,0.572734375,hybrid_horiz_pyr_maj_n2_16_k_15_split_8_8_b_0,c:\Users\nly99857\OneDrive - Philips\SW Projects\SSF\work\benchmarks\ark_matrix\exhaustive_analytical_n2_16_k_15.json
exhaustive,analytical,16,15,0.8,1,0.59949951171875,hybrid_horiz_maj_pyr_n2_16_k_15_split_14_2_b_0,c:\Users\nly99857\OneDrive - Philips\SW Projects\SSF\work\benchmarks\ark_matrix\exhaustive_analytical_n2_16_k_15.json
exhaustive,analytical,16,15,0.8,2,0.59949951171875,hybrid_horiz_pyr_maj_n2_16_k_15_split_2_14_b_0,c:\Users\nly99857\OneDrive - Philips\SW Projects\SSF\work\benchmarks\ark_matrix\exhaustive_analytical_n2_16_k_15.json
exhaustive,analytical,16,15,0.8,3,0.5981903076171875,majority_n2_16_k_15_b_0,c:\Users\nly99857\OneDrive - Philips\SW Projects\SSF\work\benchmarks\ark_matrix\exhaustive_analytical_n2_16_k_15.json
exhaustive,analytical,16,15,0.8,4,0.59474609375,hybrid_horiz_maj_pyr_n2_16_k_15_split_12_4_b_0,c:\Users\nly99857\OneDrive - Philips\SW Projects\SSF\work\benchmarks\ark_matrix\exhaustive_analytical_n2_16_k_15.json
exhaustive,analytical,16,15,0.8,5,0.59474609375,hybrid_horiz_pyr_maj_n2_16_k_15_split_4_12_b_0,c:\Users\nly99857\OneDrive - Philips\SW Projects\SSF\work\benchmarks\ark_matrix\exhaustive_analytical_n2_16_k_15.json
exhaustive,analytical,16,15,0.8,6,0.5903350830078125,hybrid_horiz_maj_pyr_n2_16_k_15_split_14_2_b_2,c:\Users\nly99857\OneDrive - Philips\SW Projects\SSF\work\benchmarks\ark_matrix\exhaustive_analytical_n2_16_k_15.json
exhaustive,analytical,16,15,0.8,7,0.5903350830078125,hybrid_horiz_pyr_maj_n2_16_k_15_split_2_14_b_2,c:\Users\nly99857\OneDrive - Philips\SW Projects\SSF\work\benchmarks\ark_matrix\exhaustive_analytical_n2_16_k_15.json
exhaustive,analytical,16,15,0.8,8,0.587978515625,hybrid_horiz_maj_pyr_n2_16_k_15_split_12_4_b_2,c:\Users\nly99857\OneDrive - Philips\SW Projects\SSF\work\benchmarks\ark_matrix\exhaustive_analytical_n2_16_k_15.json
exhaustive,analytical,16,15,0.8,9,0.587978515625,hybrid_horiz_pyr_maj_n2_16_k_15_split_4_12_b_2,c:\Users\nly99857\OneDrive - Philips\SW Projects\SSF\work\benchmarks\ark_matrix\exhaustive_analytical_n2_16_k_15.json
exhaustive,analytical,16,15,0.8,10,0.583125,hybrid_horiz_maj_pyr_n2_16_k_15_split_8_8_b_0,c:\Users\nly99857\OneDrive - Philips\SW Projects\SSF\work\benchmarks\ark_matrix\exhaustive_analytical_n2_16_k_15.json
exhaustive,analytical,16,15,0.9,1,0.7048000000000001,pyramid_n2_16_k_15,c:\Users\nly99857\OneDrive - Philips\SW Projects\SSF\work\benchmarks\ark_matrix\exhaustive_analytical_n2_16_k_15.json
exhaustive,analytical,16,15,0.9,2,0.632015625,hybrid_horiz_maj_pyr_n2_16_k_15_split_8_8_b_2,c:\Users\nly99857\OneDrive - Philips\SW Projects\SSF\work\benchmarks\ark_matrix\exhaustive_analytical_n2_16_k_15.json
exhaustive,analytical,16,15,0.9,3,0.632015625,hybrid_horiz_pyr_maj_n2_16_k_15_split_8_8_b_2,c:\Users\nly99857\OneDrive - Philips\SW Projects\SSF\work\benchmarks\ark_matrix\exhaustive_analytical_n2_16_k_15.json
exhaustive,analytical,16,15,0.9,4,0.6279999999999999,hybrid_vert_maj_pyr_n2_16_k_15_s_3_b_0,c:\Users\nly99857\OneDrive - Philips\SW Projects\SSF\work\benchmarks\ark_matrix\exhaustive_analytical_n2_16_k_15.json
exhaustive,analytical,16,15,0.9,5,0.6279999999999999,hybrid_vert_pyr_maj_n2_16_k_15_s_3_b_0,c:\Users\nly99857\OneDrive - Philips\SW Projects\SSF\work\benchmarks\ark_matrix\exhaustive_analytical_n2_16_k_15.json
exhaustive,analytical,16,15,0.9,6,0.6200000000000001,hybrid_vert_maj_pyr_n2_16_k_15_s_2_b_0,c:\Users\nly99857\OneDrive - Philips\SW Projects\SSF\work\benchmarks\ark_matrix\exhaustive_analytical_n2_16_k_15.json
exhaustive,analytical,16,15,0.9,7,0.6200000000000001,hybrid_vert_pyr_maj_n2_16_k_15_s_2_b_0,c:\Users\nly99857\OneDrive - Philips\SW Projects\SSF\work\benchmarks\ark_matrix\exhaustive_analytical_n2_16_k_15.json
exhaustive,analytical,16,15,0.9,8,0.6094091796875,hybrid_horiz_maj_pyr_n2_16_k_15_split_12_4_b_2,c:\Users\nly99857\OneDrive - Philips\SW Projects\SSF\work\benchmarks\ark_matrix\exhaustive_analytical_n2_16_k_15.json
exhaustive,analytical,16,15,0.9,9,0.6094091796875,hybrid_horiz_pyr_maj_n2_16_k_15_split_4_12_b_2,c:\Users\nly99857\OneDrive - Philips\SW Projects\SSF\work\benchmarks\ark_matrix\exhaustive_analytical_n2_16_k_15.json
exhaustive,analytical,16,15,0.9,10,0.609375,hybrid_vert_maj_pyr_n2_16_k_15_s_1_b_0,c:\Users\nly99857\OneDrive - Philips\SW Projects\SSF\work\benchmarks\ark_matrix\exhaustive_analytical_n2_16_k_15.json
exhaustive,dense_exhaustive,4,1,0.7,1,0.6875,majority_n2_4_k_1_b_0,c:\Users\nly99857\OneDrive - Philips\SW Projects\SSF\work\benchmarks\ark_matrix\exhaustive_dense_exhaustive_n2_4_k_1.json
exhaustive,dense_exhaustive,4,1,0.7,2,0.675,hybrid_horiz_maj_pyr_n2_4_k_1_split_2_2_b_0,c:\Users\nly99857\OneDrive - Philips\SW Projects\SSF\work\benchmarks\ark_matrix\exhaustive_dense_exhaustive_n2_4_k_1.json
exhaustive,dense_exhaustive,4,1,0.7,3,0.675,hybrid_horiz_pyr_maj_n2_4_k_1_split_2_2_b_0,c:\Users\nly99857\OneDrive - Philips\SW Projects\SSF\work\benchmarks\ark_matrix\exhaustive_dense_exhaustive_n2_4_k_1.json
exhaustive,dense_exhaustive,4,1,0.7,4,0.6000000000000001,hybrid_vert_maj_pyr_n2_4_k_1_s_1_b_0,c:\Users\nly99857\OneDrive - Philips\SW Projects\SSF\work\benchmarks\ark_matrix\exhaustive_dense_exhaustive_n2_4_k_1.json
exhaustive,dense_exhaustive,4,1,0.8,1,0.7,hybrid_horiz_maj_pyr_n2_4_k_1_split_2_2_b_0,c:\Users\nly99857\OneDrive - Philips\SW Projects\SSF\work\benchmarks\ark_matrix\exhaustive_dense_exhaustive_n2_4_k_1.json
exhaustive,dense_exhaustive,4,1,0.8,2,0.7,hybrid_horiz_pyr_maj_n2_4_k_1_split_2_2_b_0,c:\Users\nly99857\OneDrive - Philips\SW Projects\SSF\work\benchmarks\ark_matrix\exhaustive_dense_exhaustive_n2_4_k_1.json
exhaustive,dense_exhaustive,4,1,0.8,3,0.6875,majority_n2_4_k_1_b_0,c:\Users\nly99857\OneDrive - Philips\SW Projects\SSF\work\benchmarks\ark_matrix\exhaustive_dense_exhaustive_n2_4_k_1.json
exhaustive,dense_exhaustive,4,1,0.8,4,0.6499999999999999,hybrid_vert_maj_pyr_n2_4_k_1_s_1_b_0,c:\Users\nly99857\OneDrive - Philips\SW Projects\SSF\work\benchmarks\ark_matrix\exhaustive_dense_exhaustive_n2_4_k_1.json
exhaustive,dense_exhaustive,4,1,0.9,1,0.7250000000000001,hybrid_horiz_maj_pyr_n2_4_k_1_split_2_2_b_0,c:\Users\nly99857\OneDrive - Philips\SW Projects\SSF\work\benchmarks\ark_matrix\exhaustive_dense_exhaustive_n2_4_k_1.json
exhaustive,dense_exhaustive,4,1,0.9,2,0.7250000000000001,hybrid_horiz_pyr_maj_n2_4_k_1_split_2_2_b_0,c:\Users\nly99857\OneDrive - Philips\SW Projects\SSF\work\benchmarks\ark_matrix\exhaustive_dense_exhaustive_n2_4_k_1.json
exhaustive,dense_exhaustive,4,1,0.9,3,0.7000000000000001,hybrid_vert_maj_pyr_n2_4_k_1_s_1_b_0,c:\Users\nly99857\OneDrive - Philips\SW Projects\SSF\work\benchmarks\ark_matrix\exhaustive_dense_exhaustive_n2_4_k_1.json
exhaustive,dense_exhaustive,4,1,0.9,4,0.6875,majority_n2_4_k_1_b_0,c:\Users\nly99857\OneDrive - Philips\SW Projects\SSF\work\benchmarks\ark_matrix\exhaustive_dense_exhaustive_n2_4_k_1.json
exhaustive,dense_exhaustive,4,3,0.7,1,0.6875000000000003,majority_n2_4_k_3_b_0,c:\Users\nly99857\OneDrive - Philips\SW Projects\SSF\work\benchmarks\ark_matrix\exhaustive_dense_exhaustive_n2_4_k_3.json
exhaustive,dense_exhaustive,4,3,0.7,2,0.6750000000000003,hybrid_horiz_maj_pyr_n2_4_k_3_split_2_2_b_0,c:\Users\nly99857\OneDrive - Philips\SW Projects\SSF\work\benchmarks\ark_matrix\exhaustive_dense_exhaustive_n2_4_k_3.json
exhaustive,dense_exhaustive,4,3,0.7,3,0.6750000000000002,hybrid_horiz_pyr_maj_n2_4_k_3_split_2_2_b_0,c:\Users\nly99857\OneDrive - Philips\SW Projects\SSF\work\benchmarks\ark_matrix\exhaustive_dense_exhaustive_n2_4_k_3.json
exhaustive,dense_exhaustive,4,3,0.7,4,0.6000000000000002,hybrid_vert_maj_pyr_n2_4_k_3_s_1_b_0,c:\Users\nly99857\OneDrive - Philips\SW Projects\SSF\work\benchmarks\ark_matrix\exhaustive_dense_exhaustive_n2_4_k_3.json
exhaustive,dense_exhaustive,4,3,0.7,5,0.6000000000000002,hybrid_vert_pyr_maj_n2_4_k_3_s_1_b_0,c:\Users\nly99857\OneDrive - Philips\SW Projects\SSF\work\benchmarks\ark_matrix\exhaustive_dense_exhaustive_n2_4_k_3.json
exhaustive,dense_exhaustive,4,3,0.7,6,0.5800000000000001,pyramid_n2_4_k_3,c:\Users\nly99857\OneDrive - Philips\SW Projects\SSF\work\benchmarks\ark_matrix\exhaustive_dense_exhaustive_n2_4_k_3.json
exhaustive,dense_exhaustive,4,3,0.8,1,0.7000000000000003,hybrid_horiz_maj_pyr_n2_4_k_3_split_2_2_b_0,c:\Users\nly99857\OneDrive - Philips\SW Projects\SSF\work\benchmarks\ark_matrix\exhaustive_dense_exhaustive_n2_4_k_3.json
exhaustive,dense_exhaustive,4,3,0.8,2,0.7000000000000002,hybrid_horiz_pyr_maj_n2_4_k_3_split_2_2_b_0,c:\Users\nly99857\OneDrive - Philips\SW Projects\SSF\work\benchmarks\ark_matrix\exhaustive_dense_exhaustive_n2_4_k_3.json
exhaustive,dense_exhaustive,4,3,0.8,3,0.6875000000000001,majority_n2_4_k_3_b_0,c:\Users\nly99857\OneDrive - Philips\SW Projects\SSF\work\benchmarks\ark_matrix\exhaustive_dense_exhaustive_n2_4_k_3.json
exhaustive,dense_exhaustive,4,3,0.8,4,0.6800000000000003,pyramid_n2_4_k_3,c:\Users\nly99857\OneDrive - Philips\SW Projects\SSF\work\benchmarks\ark_matrix\exhaustive_dense_exhaustive_n2_4_k_3.json
exhaustive,dense_exhaustive,4,3,0.8,5,0.6500000000000004,hybrid_vert_maj_pyr_n2_4_k_3_s_1_b_0,c:\Users\nly99857\OneDrive - Philips\SW Projects\SSF\work\benchmarks\ark_matrix\exhaustive_dense_exhaustive_n2_4_k_3.json
exhaustive,dense_exhaustive,4,3,0.8,6,0.6500000000000004,hybrid_vert_pyr_maj_n2_4_k_3_s_1_b_0,c:\Users\nly99857\OneDrive - Philips\SW Projects\SSF\work\benchmarks\ark_matrix\exhaustive_dense_exhaustive_n2_4_k_3.json
exhaustive,dense_exhaustive,4,3,0.9,1,0.8200000000000004,pyramid_n2_4_k_3,c:\Users\nly99857\OneDrive - Philips\SW Projects\SSF\work\benchmarks\ark_matrix\exhaustive_dense_exhaustive_n2_4_k_3.json
exhaustive,dense_exhaustive,4,3,0.9,2,0.7250000000000004,hybrid_horiz_pyr_maj_n2_4_k_3_split_2_2_b_0,c:\Users\nly99857\OneDrive - Philips\SW Projects\SSF\work\benchmarks\ark_matrix\exhaustive_dense_exhaustive_n2_4_k_3.json
exhaustive,dense_exhaustive,4,3,0.9,3,0.7250000000000003,hybrid_horiz_maj_pyr_n2_4_k_3_split_2_2_b_0,c:\Users\nly99857\OneDrive - Philips\SW Projects\SSF\work\benchmarks\ark_matrix\exhaustive_dense_exhaustive_n2_4_k_3.json
exhaustive,dense_exhaustive,4,3,0.9,4,0.7000000000000002,hybrid_vert_maj_pyr_n2_4_k_3_s_1_b_0,c:\Users\nly99857\OneDrive - Philips\SW Projects\SSF\work\benchmarks\ark_matrix\exhaustive_dense_exhaustive_n2_4_k_3.json
exhaustive,dense_exhaustive,4,3,0.9,5,0.7000000000000002,hybrid_vert_pyr_maj_n2_4_k_3_s_1_b_0,c:\Users\nly99857\OneDrive - Philips\SW Projects\SSF\work\benchmarks\ark_matrix\exhaustive_dense_exhaustive_n2_4_k_3.json
exhaustive,dense_exhaustive,4,3,0.9,6,0.6875000000000004,majority_n2_4_k_3_b_0,c:\Users\nly99857\OneDrive - Philips\SW Projects\SSF\work\benchmarks\ark_matrix\exhaustive_dense_exhaustive_n2_4_k_3.json
beam,dense_mc,4,1,0.7,1,0.687875,majority_n2_4_k_1_b_0,c:\Users\nly99857\OneDrive - Philips\SW Projects\SSF\work\benchmarks\ark_matrix\beam_dense_mc_n2_4_k_1_p_0_7.json
beam,dense_mc,4,1,0.7,2,0.67534,hybrid_horiz_pyr_maj_n2_4_k_1_split_2_2_b_0,c:\Users\nly99857\OneDrive - Philips\SW Projects\SSF\work\benchmarks\ark_matrix\beam_dense_mc_n2_4_k_1_p_0_7.json
beam,dense_mc,4,1,0.7,3,0.6752,hybrid_horiz_maj_pyr_n2_4_k_1_split_2_2_b_0,c:\Users\nly99857\OneDrive - Philips\SW Projects\SSF\work\benchmarks\ark_matrix\beam_dense_mc_n2_4_k_1_p_0_7.json
beam,dense_mc,4,1,0.7,4,0.59945,hybrid_vert_maj_pyr_n2_4_k_1_s_1_b_0,c:\Users\nly99857\OneDrive - Philips\SW Projects\SSF\work\benchmarks\ark_matrix\beam_dense_mc_n2_4_k_1_p_0_7.json
beam,dense_mc,4,1,0.8,1,0.7006349999999999,hybrid_horiz_maj_pyr_n2_4_k_1_split_2_2_b_0,c:\Users\nly99857\OneDrive - Philips\SW Projects\SSF\work\benchmarks\ark_matrix\beam_dense_mc_n2_4_k_1_p_0_8.json
beam,dense_mc,4,1,0.8,2,0.700505,hybrid_horiz_pyr_maj_n2_4_k_1_split_2_2_b_0,c:\Users\nly99857\OneDrive - Philips\SW Projects\SSF\work\benchmarks\ark_matrix\beam_dense_mc_n2_4_k_1_p_0_8.json
beam,dense_mc,4,1,0.8,3,0.687875,majority_n2_4_k_1_b_0,c:\Users\nly99857\OneDrive - Philips\SW Projects\SSF\work\benchmarks\ark_matrix\beam_dense_mc_n2_4_k_1_p_0_8.json
beam,dense_mc,4,1,0.8,4,0.65019,hybrid_vert_maj_pyr_n2_4_k_1_s_1_b_0,c:\Users\nly99857\OneDrive - Philips\SW Projects\SSF\work\benchmarks\ark_matrix\beam_dense_mc_n2_4_k_1_p_0_8.json
beam,dense_mc,4,1,0.9,1,0.7253850000000001,hybrid_horiz_pyr_maj_n2_4_k_1_split_2_2_b_0,c:\Users\nly99857\OneDrive - Philips\SW Projects\SSF\work\benchmarks\ark_matrix\beam_dense_mc_n2_4_k_1_p_0_9.json
beam,dense_mc,4,1,0.9,2,0.725305,hybrid_horiz_maj_pyr_n2_4_k_1_split_2_2_b_0,c:\Users\nly99857\OneDrive - Philips\SW Projects\SSF\work\benchmarks\ark_matrix\beam_dense_mc_n2_4_k_1_p_0_9.json
beam,dense_mc,4,1,0.9,3,0.69953,hybrid_vert_maj_pyr_n2_4_k_1_s_1_b_0,c:\Users\nly99857\OneDrive - Philips\SW Projects\SSF\work\benchmarks\ark_matrix\beam_dense_mc_n2_4_k_1_p_0_9.json
beam,dense_mc,4,1,0.9,4,0.687875,majority_n2_4_k_1_b_0,c:\Users\nly99857\OneDrive - Philips\SW Projects\SSF\work\benchmarks\ark_matrix\beam_dense_mc_n2_4_k_1_p_0_9.json
beam,dense_mc,4,3,0.7,1,0.6884300000000001,majority_n2_4_k_3_b_0,c:\Users\nly99857\OneDrive - Philips\SW Projects\SSF\work\benchmarks\ark_matrix\beam_dense_mc_n2_4_k_3_p_0_7.json
beam,dense_mc,4,3,0.7,2,0.6753750000000001,hybrid_horiz_maj_pyr_n2_4_k_3_split_2_2_b_0,c:\Users\nly99857\OneDrive - Philips\SW Projects\SSF\work\benchmarks\ark_matrix\beam_dense_mc_n2_4_k_3_p_0_7.json
beam,dense_mc,4,3,0.7,3,0.675305,hybrid_horiz_pyr_maj_n2_4_k_3_split_2_2_b_0,c:\Users\nly99857\OneDrive - Philips\SW Projects\SSF\work\benchmarks\ark_matrix\beam_dense_mc_n2_4_k_3_p_0_7.json
beam,dense_mc,4,3,0.7,4,0.60073,hybrid_vert_maj_pyr_n2_4_k_3_s_1_b_0,c:\Users\nly99857\OneDrive - Philips\SW Projects\SSF\work\benchmarks\ark_matrix\beam_dense_mc_n2_4_k_3_p_0_7.json
beam,dense_mc,4,3,0.7,5,0.5983499999999999,hybrid_vert_pyr_maj_n2_4_k_3_s_1_b_0,c:\Users\nly99857\OneDrive - Philips\SW Projects\SSF\work\benchmarks\ark_matrix\beam_dense_mc_n2_4_k_3_p_0_7.json
beam,dense_mc,4,3,0.7,6,0.578595,pyramid_n2_4_k_3,c:\Users\nly99857\OneDrive - Philips\SW Projects\SSF\work\benchmarks\ark_matrix\beam_dense_mc_n2_4_k_3_p_0_7.json
beam,dense_mc,4,3,0.8,1,0.7003,hybrid_horiz_maj_pyr_n2_4_k_3_split_2_2_b_0,c:\Users\nly99857\OneDrive - Philips\SW Projects\SSF\work\benchmarks\ark_matrix\beam_dense_mc_n2_4_k_3_p_0_8.json
beam,dense_mc,4,3,0.8,2,0.699875,hybrid_horiz_pyr_maj_n2_4_k_3_split_2_2_b_0,c:\Users\nly99857\OneDrive - Philips\SW Projects\SSF\work\benchmarks\ark_matrix\beam_dense_mc_n2_4_k_3_p_0_8.json
beam,dense_mc,4,3,0.8,3,0.6884300000000001,majority_n2_4_k_3_b_0,c:\Users\nly99857\OneDrive - Philips\SW Projects\SSF\work\benchmarks\ark_matrix\beam_dense_mc_n2_4_k_3_p_0_8.json
beam,dense_mc,4,3,0.8,4,0.678955,pyramid_n2_4_k_3,c:\Users\nly99857\OneDrive - Philips\SW Projects\SSF\work\benchmarks\ark_matrix\beam_dense_mc_n2_4_k_3_p_0_8.json
beam,dense_mc,4,3,0.8,5,0.6505449999999999,hybrid_vert_maj_pyr_n2_4_k_3_s_1_b_0,c:\Users\nly99857\OneDrive - Philips\SW Projects\SSF\work\benchmarks\ark_matrix\beam_dense_mc_n2_4_k_3_p_0_8.json
beam,dense_mc,4,3,0.8,6,0.649215,hybrid_vert_pyr_maj_n2_4_k_3_s_1_b_0,c:\Users\nly99857\OneDrive - Philips\SW Projects\SSF\work\benchmarks\ark_matrix\beam_dense_mc_n2_4_k_3_p_0_8.json
beam,dense_mc,4,3,0.9,1,0.81931,pyramid_n2_4_k_3,c:\Users\nly99857\OneDrive - Philips\SW Projects\SSF\work\benchmarks\ark_matrix\beam_dense_mc_n2_4_k_3_p_0_9.json
beam,dense_mc,4,3,0.9,2,0.725195,hybrid_horiz_pyr_maj_n2_4_k_3_split_2_2_b_0,c:\Users\nly99857\OneDrive - Philips\SW Projects\SSF\work\benchmarks\ark_matrix\beam_dense_mc_n2_4_k_3_p_0_9.json
beam,dense_mc,4,3,0.9,3,0.724835,hybrid_horiz_maj_pyr_n2_4_k_3_split_2_2_b_0,c:\Users\nly99857\OneDrive - Philips\SW Projects\SSF\work\benchmarks\ark_matrix\beam_dense_mc_n2_4_k_3_p_0_9.json
beam,dense_mc,4,3,0.9,4,0.69977,hybrid_vert_maj_pyr_n2_4_k_3_s_1_b_0,c:\Users\nly99857\OneDrive - Philips\SW Projects\SSF\work\benchmarks\ark_matrix\beam_dense_mc_n2_4_k_3_p_0_9.json
beam,dense_mc,4,3,0.9,5,0.69901,hybrid_vert_pyr_maj_n2_4_k_3_s_1_b_0,c:\Users\nly99857\OneDrive - Philips\SW Projects\SSF\work\benchmarks\ark_matrix\beam_dense_mc_n2_4_k_3_p_0_9.json
beam,dense_mc,4,3,0.9,6,0.6884300000000001,majority_n2_4_k_3_b_0,c:\Users\nly99857\OneDrive - Philips\SW Projects\SSF\work\benchmarks\ark_matrix\beam_dense_mc_n2_4_k_3_p_0_9.json
beam,dense_mc,8,1,0.7,1,0.6349075,majority_n2_8_k_1_b_0,c:\Users\nly99857\OneDrive - Philips\SW Projects\SSF\work\benchmarks\ark_matrix\beam_dense_mc_n2_8_k_1_p_0_7.json
beam,dense_mc,8,1,0.7,2,0.63203,hybrid_horiz_maj_pyr_n2_8_k_1_split_6_2_b_0,c:\Users\nly99857\OneDrive - Philips\SW Projects\SSF\work\benchmarks\ark_matrix\beam_dense_mc_n2_8_k_1_p_0_7.json
beam,dense_mc,8,1,0.7,3,0.6319175,hybrid_horiz_pyr_maj_n2_8_k_1_split_2_6_b_0,c:\Users\nly99857\OneDrive - Philips\SW Projects\SSF\work\benchmarks\ark_matrix\beam_dense_mc_n2_8_k_1_p_0_7.json
beam,dense_mc,8,1,0.7,4,0.5967625,hybrid_horiz_pyr_maj_n2_8_k_1_split_2_6_b_2,c:\Users\nly99857\OneDrive - Philips\SW Projects\SSF\work\benchmarks\ark_matrix\beam_dense_mc_n2_8_k_1_p_0_7.json
beam,dense_mc,8,1,0.7,5,0.596545,hybrid_horiz_maj_pyr_n2_8_k_1_split_6_2_b_2,c:\Users\nly99857\OneDrive - Philips\SW Projects\SSF\work\benchmarks\ark_matrix\beam_dense_mc_n2_8_k_1_p_0_7.json
beam,dense_mc,8,1,0.7,6,0.5803875000000001,majority_n2_8_k_1_b_2,c:\Users\nly99857\OneDrive - Philips\SW Projects\SSF\work\benchmarks\ark_matrix\beam_dense_mc_n2_8_k_1_p_0_7.json
beam,dense_mc,8,1,0.7,7,0.5734,hybrid_vert_maj_pyr_n2_8_k_1_s_1_b_0,c:\Users\nly99857\OneDrive - Philips\SW Projects\SSF\work\benchmarks\ark_matrix\beam_dense_mc_n2_8_k_1_p_0_7.json
beam,dense_mc,8,1,0.8,1,0.63976,hybrid_horiz_pyr_maj_n2_8_k_1_split_2_6_b_0,c:\Users\nly99857\OneDrive - Philips\SW Projects\SSF\work\benchmarks\ark_matrix\beam_dense_mc_n2_8_k_1_p_0_8.json
beam,dense_mc,8,1,0.8,2,0.6394974999999999,hybrid_horiz_maj_pyr_n2_8_k_1_split_6_2_b_0,c:\Users\nly99857\OneDrive - Philips\SW Projects\SSF\work\benchmarks\ark_matrix\beam_dense_mc_n2_8_k_1_p_0_8.json
beam,dense_mc,8,1,0.8,3,0.6349075,majority_n2_8_k_1_b_0,c:\Users\nly99857\OneDrive - Philips\SW Projects\SSF\work\benchmarks\ark_matrix\beam_dense_mc_n2_8_k_1_p_0_8.json
beam,dense_mc,8,1,0.8,4,0.616475,hybrid_horiz_pyr_maj_n2_8_k_1_split_2_6_b_2,c:\Users\nly99857\OneDrive - Philips\SW Projects\SSF\work\benchmarks\ark_matrix\beam_dense_mc_n2_8_k_1_p_0_8.json
beam,dense_mc,8,1,0.8,5,0.6156925,hybrid_horiz_maj_pyr_n2_8_k_1_split_6_2_b_2,c:\Users\nly99857\OneDrive - Philips\SW Projects\SSF\work\benchmarks\ark_matrix\beam_dense_mc_n2_8_k_1_p_0_8.json
beam,dense_mc,8,1,0.8,6,0.6110575,hybrid_vert_maj_pyr_n2_8_k_1_s_1_b_0,c:\Users\nly99857\OneDrive - Philips\SW Projects\SSF\work\benchmarks\ark_matrix\beam_dense_mc_n2_8_k_1_p_0_8.json
beam,dense_mc,8,1,0.8,7,0.5803875000000001,majority_n2_8_k_1_b_2,c:\Users\nly99857\OneDrive - Philips\SW Projects\SSF\work\benchmarks\ark_matrix\beam_dense_mc_n2_8_k_1_p_0_8.json
beam,dense_mc,8,1,0.9,1,0.6485525000000001,hybrid_vert_maj_pyr_n2_8_k_1_s_1_b_0,c:\Users\nly99857\OneDrive - Philips\SW Projects\SSF\work\benchmarks\ark_matrix\beam_dense_mc_n2_8_k_1_p_0_9.json
beam,dense_mc,8,1,0.9,2,0.6474925,hybrid_horiz_pyr_maj_n2_8_k_1_split_2_6_b_0,c:\Users\nly99857\OneDrive - Philips\SW Projects\SSF\work\benchmarks\ark_matrix\beam_dense_mc_n2_8_k_1_p_0_9.json
beam,dense_mc,8,1,0.9,3,0.6473424999999999,hybrid_horiz_maj_pyr_n2_8_k_1_split_6_2_b_0,c:\Users\nly99857\OneDrive - Philips\SW Projects\SSF\work\benchmarks\ark_matrix\beam_dense_mc_n2_8_k_1_p_0_9.json
beam,dense_mc,8,1,0.9,4,0.6358725,hybrid_horiz_pyr_maj_n2_8_k_1_split_2_6_b_2,c:\Users\nly99857\OneDrive - Philips\SW Projects\SSF\work\benchmarks\ark_matrix\beam_dense_mc_n2_8_k_1_p_0_9.json
beam,dense_mc,8,1,0.9,5,0.6354775,hybrid_horiz_maj_pyr_n2_8_k_1_split_6_2_b_2,c:\Users\nly99857\OneDrive - Philips\SW Projects\SSF\work\benchmarks\ark_matrix\beam_dense_mc_n2_8_k_1_p_0_9.json
beam,dense_mc,8,1,0.9,6,0.6349075,majority_n2_8_k_1_b_0,c:\Users\nly99857\OneDrive - Philips\SW Projects\SSF\work\benchmarks\ark_matrix\beam_dense_mc_n2_8_k_1_p_0_9.json
beam,dense_mc,8,1,0.9,7,0.5803875000000001,majority_n2_8_k_1_b_2,c:\Users\nly99857\OneDrive - Philips\SW Projects\SSF\work\benchmarks\ark_matrix\beam_dense_mc_n2_8_k_1_p_0_9.json
beam,dense_mc,8,7,0.7,1,0.6360024999999999,majority_n2_8_k_7_b_0,c:\Users\nly99857\OneDrive - Philips\SW Projects\SSF\work\benchmarks\ark_matrix\beam_dense_mc_n2_8_k_7_p_0_7.json
beam,dense_mc,8,7,0.7,2,0.6328524999999999,hybrid_horiz_maj_pyr_n2_8_k_7_split_6_2_b_0,c:\Users\nly99857\OneDrive - Philips\SW Projects\SSF\work\benchmarks\ark_matrix\beam_dense_mc_n2_8_k_7_p_0_7.json
beam,dense_mc,8,7,0.7,3,0.63261,hybrid_horiz_pyr_maj_n2_8_k_7_split_2_6_b_0,c:\Users\nly99857\OneDrive - Philips\SW Projects\SSF\work\benchmarks\ark_matrix\beam_dense_mc_n2_8_k_7_p_0_7.json
beam,dense_mc,8,7,0.7,4,0.6125499999999999,hybrid_horiz_maj_pyr_n2_8_k_7_split_4_4_b_0,c:\Users\nly99857\OneDrive - Philips\SW Projects\SSF\work\benchmarks\ark_matrix\beam_dense_mc_n2_8_k_7_p_0_7.json
beam,dense_mc,8,7,0.7,5,0.6118899999999999,hybrid_horiz_pyr_maj_n2_8_k_7_split_4_4_b_0,c:\Users\nly99857\OneDrive - Philips\SW Projects\SSF\work\benchmarks\ark_matrix\beam_dense_mc_n2_8_k_7_p_0_7.json
beam,dense_mc,8,7,0.7,6,0.59754,hybrid_horiz_pyr_maj_n2_8_k_7_split_2_6_b_2,c:\Users\nly99857\OneDrive - Philips\SW Projects\SSF\work\benchmarks\ark_matrix\beam_dense_mc_n2_8_k_7_p_0_7.json
beam,dense_mc,8,7,0.7,7,0.5974149999999999,hybrid_horiz_maj_pyr_n2_8_k_7_split_6_2_b_2,c:\Users\nly99857\OneDrive - Philips\SW Projects\SSF\work\benchmarks\ark_matrix\beam_dense_mc_n2_8_k_7_p_0_7.json
beam,dense_mc,8,7,0.7,8,0.5821575,majority_n2_8_k_7_b_2,c:\Users\nly99857\OneDrive - Philips\SW Projects\SSF\work\benchmarks\ark_matrix\beam_dense_mc_n2_8_k_7_p_0_7.json
beam,dense_mc,8,7,0.7,9,0.5759275000000001,hybrid_vert_pyr_maj_n2_8_k_7_s_1_b_0,c:\Users\nly99857\OneDrive - Philips\SW Projects\SSF\work\benchmarks\ark_matrix\beam_dense_mc_n2_8_k_7_p_0_7.json
beam,dense_mc,8,7,0.7,10,0.5751,hybrid_vert_maj_pyr_n2_8_k_7_s_1_b_0,c:\Users\nly99857\OneDrive - Philips\SW Projects\SSF\work\benchmarks\ark_matrix\beam_dense_mc_n2_8_k_7_p_0_7.json
beam,dense_mc,8,7,0.8,1,0.6406749999999999,hybrid_horiz_maj_pyr_n2_8_k_7_split_6_2_b_0,c:\Users\nly99857\OneDrive - Philips\SW Projects\SSF\work\benchmarks\ark_matrix\beam_dense_mc_n2_8_k_7_p_0_8.json
beam,dense_mc,8,7,0.8,2,0.6406625,hybrid_horiz_pyr_maj_n2_8_k_7_split_2_6_b_0,c:\Users\nly99857\OneDrive - Philips\SW Projects\SSF\work\benchmarks\ark_matrix\beam_dense_mc_n2_8_k_7_p_0_8.json
beam,dense_mc,8,7,0.8,3,0.6360024999999999,majority_n2_8_k_7_b_0,c:\Users\nly99857\OneDrive - Philips\SW Projects\SSF\work\benchmarks\ark_matrix\beam_dense_mc_n2_8_k_7_p_0_8.json
beam,dense_mc,8,7,0.8,4,0.62816,hybrid_horiz_pyr_maj_n2_8_k_7_split_4_4_b_0,c:\Users\nly99857\OneDrive - Philips\SW Projects\SSF\work\benchmarks\ark_matrix\beam_dense_mc_n2_8_k_7_p_0_8.json
beam,dense_mc,8,7,0.8,5,0.6271125,hybrid_horiz_maj_pyr_n2_8_k_7_split_4_4_b_0,c:\Users\nly99857\OneDrive - Philips\SW Projects\SSF\work\benchmarks\ark_matrix\beam_dense_mc_n2_8_k_7_p_0_8.json
beam,dense_mc,8,7,0.8,6,0.6173500000000001,hybrid_horiz_pyr_maj_n2_8_k_7_split_2_6_b_2,c:\Users\nly99857\OneDrive - Philips\SW Projects\SSF\work\benchmarks\ark_matrix\beam_dense_mc_n2_8_k_7_p_0_8.json
beam,dense_mc,8,7,0.8,7,0.616995,hybrid_horiz_maj_pyr_n2_8_k_7_split_6_2_b_2,c:\Users\nly99857\OneDrive - Philips\SW Projects\SSF\work\benchmarks\ark_matrix\beam_dense_mc_n2_8_k_7_p_0_8.json
beam,dense_mc,8,7,0.8,8,0.6125275,hybrid_vert_pyr_maj_n2_8_k_7_s_1_b_0,c:\Users\nly99857\OneDrive - Philips\SW Projects\SSF\work\benchmarks\ark_matrix\beam_dense_mc_n2_8_k_7_p_0_8.json
beam,dense_mc,8,7,0.8,9,0.612175,hybrid_vert_maj_pyr_n2_8_k_7_s_1_b_0,c:\Users\nly99857\OneDrive - Philips\SW Projects\SSF\work\benchmarks\ark_matrix\beam_dense_mc_n2_8_k_7_p_0_8.json
beam,dense_mc,8,7,0.8,10,0.60888,pyramid_n2_8_k_7,c:\Users\nly99857\OneDrive - Philips\SW Projects\SSF\work\benchmarks\ark_matrix\beam_dense_mc_n2_8_k_7_p_0_8.json
beam,dense_mc,8,7,0.9,1,0.757375,pyramid_n2_8_k_7,c:\Users\nly99857\OneDrive - Philips\SW Projects\SSF\work\benchmarks\ark_matrix\beam_dense_mc_n2_8_k_7_p_0_9.json
beam,dense_mc,8,7,0.9,2,0.6613825,hybrid_vert_maj_pyr_n2_8_k_7_s_2_b_0,c:\Users\nly99857\OneDrive - Philips\SW Projects\SSF\work\benchmarks\ark_matrix\beam_dense_mc_n2_8_k_7_p_0_9.json
beam,dense_mc,8,7,0.9,3,0.6605575,hybrid_vert_pyr_maj_n2_8_k_7_s_2_b_0,c:\Users\nly99857\OneDrive - Philips\SW Projects\SSF\work\benchmarks\ark_matrix\beam_dense_mc_n2_8_k_7_p_0_9.json
beam,dense_mc,8,7,0.9,4,0.65483,hybrid_horiz_pyr_maj_n2_8_k_7_split_4_4_b_0,c:\Users\nly99857\OneDrive - Philips\SW Projects\SSF\work\benchmarks\ark_matrix\beam_dense_mc_n2_8_k_7_p_0_9.json
beam,dense_mc,8,7,0.9,5,0.6541224999999999,hybrid_horiz_maj_pyr_n2_8_k_7_split_4_4_b_0,c:\Users\nly99857\OneDrive - Philips\SW Projects\SSF\work\benchmarks\ark_matrix\beam_dense_mc_n2_8_k_7_p_0_9.json
beam,dense_mc,8,7,0.9,6,0.6503,hybrid_vert_pyr_maj_n2_8_k_7_s_1_b_0,c:\Users\nly99857\OneDrive - Philips\SW Projects\SSF\work\benchmarks\ark_matrix\beam_dense_mc_n2_8_k_7_p_0_9.json
beam,dense_mc,8,7,0.9,7,0.6487750000000001,hybrid_vert_maj_pyr_n2_8_k_7_s_1_b_0,c:\Users\nly99857\OneDrive - Philips\SW Projects\SSF\work\benchmarks\ark_matrix\beam_dense_mc_n2_8_k_7_p_0_9.json
beam,dense_mc,8,7,0.9,8,0.6484375,hybrid_horiz_maj_pyr_n2_8_k_7_split_6_2_b_0,c:\Users\nly99857\OneDrive - Philips\SW Projects\SSF\work\benchmarks\ark_matrix\beam_dense_mc_n2_8_k_7_p_0_9.json
beam,dense_mc,8,7,0.9,9,0.6481775000000001,hybrid_horiz_pyr_maj_n2_8_k_7_split_2_6_b_0,c:\Users\nly99857\OneDrive - Philips\SW Projects\SSF\work\benchmarks\ark_matrix\beam_dense_mc_n2_8_k_7_p_0_9.json
beam,dense_mc,8,7,0.9,10,0.6370325,hybrid_horiz_pyr_maj_n2_8_k_7_split_2_6_b_2,c:\Users\nly99857\OneDrive - Philips\SW Projects\SSF\work\benchmarks\ark_matrix\beam_dense_mc_n2_8_k_7_p_0_9.json
beam,procedural_mc,4,1,0.7,1,0.6872199999999999,majority_n2_4_k_1_b_0,c:\Users\nly99857\OneDrive - Philips\SW Projects\SSF\work\benchmarks\ark_matrix\beam_procedural_mc_n2_4_k_1_p_0_7.json
beam,procedural_mc,4,1,0.7,2,0.6759350000000001,hybrid_horiz_pyr_maj_n2_4_k_1_split_2_2_b_0,c:\Users\nly99857\OneDrive - Philips\SW Projects\SSF\work\benchmarks\ark_matrix\beam_procedural_mc_n2_4_k_1_p_0_7.json
beam,procedural_mc,4,1,0.7,3,0.6749799999999999,hybrid_horiz_maj_pyr_n2_4_k_1_split_2_2_b_0,c:\Users\nly99857\OneDrive - Philips\SW Projects\SSF\work\benchmarks\ark_matrix\beam_procedural_mc_n2_4_k_1_p_0_7.json
beam,procedural_mc,4,1,0.7,4,0.601135,hybrid_vert_maj_pyr_n2_4_k_1_s_1_b_0,c:\Users\nly99857\OneDrive - Philips\SW Projects\SSF\work\benchmarks\ark_matrix\beam_procedural_mc_n2_4_k_1_p_0_7.json
beam,procedural_mc,4,1,0.8,1,0.70109,hybrid_horiz_pyr_maj_n2_4_k_1_split_2_2_b_0,c:\Users\nly99857\OneDrive - Philips\SW Projects\SSF\work\benchmarks\ark_matrix\beam_procedural_mc_n2_4_k_1_p_0_8.json
beam,procedural_mc,4,1,0.8,2,0.6993499999999999,hybrid_horiz_maj_pyr_n2_4_k_1_split_2_2_b_0,c:\Users\nly99857\OneDrive - Philips\SW Projects\SSF\work\benchmarks\ark_matrix\beam_procedural_mc_n2_4_k_1_p_0_8.json
beam,procedural_mc,4,1,0.8,3,0.6872199999999999,majority_n2_4_k_1_b_0,c:\Users\nly99857\OneDrive - Philips\SW Projects\SSF\work\benchmarks\ark_matrix\beam_procedural_mc_n2_4_k_1_p_0_8.json
beam,procedural_mc,4,1,0.8,4,0.6509499999999999,hybrid_vert_maj_pyr_n2_4_k_1_s_1_b_0,c:\Users\nly99857\OneDrive - Philips\SW Projects\SSF\work\benchmarks\ark_matrix\beam_procedural_mc_n2_4_k_1_p_0_8.json
beam,procedural_mc,4,1,0.9,1,0.7258249999999999,hybrid_horiz_pyr_maj_n2_4_k_1_split_2_2_b_0,c:\Users\nly99857\OneDrive - Philips\SW Projects\SSF\work\benchmarks\ark_matrix\beam_procedural_mc_n2_4_k_1_p_0_9.json
beam,procedural_mc,4,1,0.9,2,0.724455,hybrid_horiz_maj_pyr_n2_4_k_1_split_2_2_b_0,c:\Users\nly99857\OneDrive - Philips\SW Projects\SSF\work\benchmarks\ark_matrix\beam_procedural_mc_n2_4_k_1_p_0_9.json
beam,procedural_mc,4,1,0.9,3,0.7000299999999999,hybrid_vert_maj_pyr_n2_4_k_1_s_1_b_0,c:\Users\nly99857\OneDrive - Philips\SW Projects\SSF\work\benchmarks\ark_matrix\beam_procedural_mc_n2_4_k_1_p_0_9.json
beam,procedural_mc,4,1,0.9,4,0.6872199999999999,majority_n2_4_k_1_b_0,c:\Users\nly99857\OneDrive - Philips\SW Projects\SSF\work\benchmarks\ark_matrix\beam_procedural_mc_n2_4_k_1_p_0_9.json
beam,procedural_mc,4,3,0.7,1,0.688485,majority_n2_4_k_3_b_0,c:\Users\nly99857\OneDrive - Philips\SW Projects\SSF\work\benchmarks\ark_matrix\beam_procedural_mc_n2_4_k_3_p_0_7.json
beam,procedural_mc,4,3,0.7,2,0.67559,hybrid_horiz_pyr_maj_n2_4_k_3_split_2_2_b_0,c:\Users\nly99857\OneDrive - Philips\SW Projects\SSF\work\benchmarks\ark_matrix\beam_procedural_mc_n2_4_k_3_p_0_7.json
beam,procedural_mc,4,3,0.7,3,0.675475,hybrid_horiz_maj_pyr_n2_4_k_3_split_2_2_b_0,c:\Users\nly99857\OneDrive - Philips\SW Projects\SSF\work\benchmarks\ark_matrix\beam_procedural_mc_n2_4_k_3_p_0_7.json
beam,procedural_mc,4,3,0.7,4,0.601455,hybrid_vert_maj_pyr_n2_4_k_3_s_1_b_0,c:\Users\nly99857\OneDrive - Philips\SW Projects\SSF\work\benchmarks\ark_matrix\beam_procedural_mc_n2_4_k_3_p_0_7.json
beam,procedural_mc,4,3,0.7,5,0.60076,hybrid_vert_pyr_maj_n2_4_k_3_s_1_b_0,c:\Users\nly99857\OneDrive - Philips\SW Projects\SSF\work\benchmarks\ark_matrix\beam_procedural_mc_n2_4_k_3_p_0_7.json
beam,procedural_mc,4,3,0.7,6,0.5782,pyramid_n2_4_k_3,c:\Users\nly99857\OneDrive - Philips\SW Projects\SSF\work\benchmarks\ark_matrix\beam_procedural_mc_n2_4_k_3_p_0_7.json
beam,procedural_mc,4,3,0.8,1,0.700975,hybrid_horiz_pyr_maj_n2_4_k_3_split_2_2_b_0,c:\Users\nly99857\OneDrive - Philips\SW Projects\SSF\work\benchmarks\ark_matrix\beam_procedural_mc_n2_4_k_3_p_0_8.json
beam,procedural_mc,4,3,0.8,2,0.70068,hybrid_horiz_maj_pyr_n2_4_k_3_split_2_2_b_0,c:\Users\nly99857\OneDrive - Philips\SW Projects\SSF\work\benchmarks\ark_matrix\beam_procedural_mc_n2_4_k_3_p_0_8.json
beam,procedural_mc,4,3,0.8,3,0.688485,majority_n2_4_k_3_b_0,c:\Users\nly99857\OneDrive - Philips\SW Projects\SSF\work\benchmarks\ark_matrix\beam_procedural_mc_n2_4_k_3_p_0_8.json
beam,procedural_mc,4,3,0.8,4,0.679555,pyramid_n2_4_k_3,c:\Users\nly99857\OneDrive - Philips\SW Projects\SSF\work\benchmarks\ark_matrix\beam_procedural_mc_n2_4_k_3_p_0_8.json
beam,procedural_mc,4,3,0.8,5,0.652005,hybrid_vert_pyr_maj_n2_4_k_3_s_1_b_0,c:\Users\nly99857\OneDrive - Philips\SW Projects\SSF\work\benchmarks\ark_matrix\beam_procedural_mc_n2_4_k_3_p_0_8.json
beam,procedural_mc,4,3,0.8,6,0.6516850000000001,hybrid_vert_maj_pyr_n2_4_k_3_s_1_b_0,c:\Users\nly99857\OneDrive - Philips\SW Projects\SSF\work\benchmarks\ark_matrix\beam_procedural_mc_n2_4_k_3_p_0_8.json
beam,procedural_mc,4,3,0.9,1,0.81944,pyramid_n2_4_k_3,c:\Users\nly99857\OneDrive - Philips\SW Projects\SSF\work\benchmarks\ark_matrix\beam_procedural_mc_n2_4_k_3_p_0_9.json
beam,procedural_mc,4,3,0.9,2,0.72593,hybrid_horiz_pyr_maj_n2_4_k_3_split_2_2_b_0,c:\Users\nly99857\OneDrive - Philips\SW Projects\SSF\work\benchmarks\ark_matrix\beam_procedural_mc_n2_4_k_3_p_0_9.json
beam,procedural_mc,4,3,0.9,3,0.72579,hybrid_horiz_maj_pyr_n2_4_k_3_split_2_2_b_0,c:\Users\nly99857\OneDrive - Philips\SW Projects\SSF\work\benchmarks\ark_matrix\beam_procedural_mc_n2_4_k_3_p_0_9.json
beam,procedural_mc,4,3,0.9,4,0.70132,hybrid_vert_maj_pyr_n2_4_k_3_s_1_b_0,c:\Users\nly99857\OneDrive - Philips\SW Projects\SSF\work\benchmarks\ark_matrix\beam_procedural_mc_n2_4_k_3_p_0_9.json
beam,procedural_mc,4,3,0.9,5,0.701155,hybrid_vert_pyr_maj_n2_4_k_3_s_1_b_0,c:\Users\nly99857\OneDrive - Philips\SW Projects\SSF\work\benchmarks\ark_matrix\beam_procedural_mc_n2_4_k_3_p_0_9.json
beam,procedural_mc,4,3,0.9,6,0.688485,majority_n2_4_k_3_b_0,c:\Users\nly99857\OneDrive - Philips\SW Projects\SSF\work\benchmarks\ark_matrix\beam_procedural_mc_n2_4_k_3_p_0_9.json
beam,procedural_mc,8,1,0.7,1,0.6367949999999999,majority_n2_8_k_1_b_0,c:\Users\nly99857\OneDrive - Philips\SW Projects\SSF\work\benchmarks\ark_matrix\beam_procedural_mc_n2_8_k_1_p_0_7.json
beam,procedural_mc,8,1,0.7,2,0.633005,hybrid_horiz_pyr_maj_n2_8_k_1_split_2_6_b_0,c:\Users\nly99857\OneDrive - Philips\SW Projects\SSF\work\benchmarks\ark_matrix\beam_procedural_mc_n2_8_k_1_p_0_7.json
beam,procedural_mc,8,1,0.7,3,0.6321100000000001,hybrid_horiz_maj_pyr_n2_8_k_1_split_6_2_b_0,c:\Users\nly99857\OneDrive - Philips\SW Projects\SSF\work\benchmarks\ark_matrix\beam_procedural_mc_n2_8_k_1_p_0_7.json
beam,procedural_mc,8,1,0.7,4,0.597905,hybrid_horiz_pyr_maj_n2_8_k_1_split_2_6_b_2,c:\Users\nly99857\OneDrive - Philips\SW Projects\SSF\work\benchmarks\ark_matrix\beam_procedural_mc_n2_8_k_1_p_0_7.json
beam,procedural_mc,8,1,0.7,5,0.5968849999999999,hybrid_horiz_maj_pyr_n2_8_k_1_split_6_2_b_2,c:\Users\nly99857\OneDrive - Philips\SW Projects\SSF\work\benchmarks\ark_matrix\beam_procedural_mc_n2_8_k_1_p_0_7.json
beam,procedural_mc,8,1,0.7,6,0.582515,majority_n2_8_k_1_b_2,c:\Users\nly99857\OneDrive - Philips\SW Projects\SSF\work\benchmarks\ark_matrix\beam_procedural_mc_n2_8_k_1_p_0_7.json
beam,procedural_mc,8,1,0.7,7,0.5745399999999999,hybrid_vert_maj_pyr_n2_8_k_1_s_1_b_0,c:\Users\nly99857\OneDrive - Philips\SW Projects\SSF\work\benchmarks\ark_matrix\beam_procedural_mc_n2_8_k_1_p_0_7.json
beam,procedural_mc,8,1,0.8,1,0.6408725000000001,hybrid_horiz_pyr_maj_n2_8_k_1_split_2_6_b_0,c:\Users\nly99857\OneDrive - Philips\SW Projects\SSF\work\benchmarks\ark_matrix\beam_procedural_mc_n2_8_k_1_p_0_8.json
beam,procedural_mc,8,1,0.8,2,0.63997,hybrid_horiz_maj_pyr_n2_8_k_1_split_6_2_b_0,c:\Users\nly99857\OneDrive - Philips\SW Projects\SSF\work\benchmarks\ark_matrix\beam_procedural_mc_n2_8_k_1_p_0_8.json
beam,procedural_mc,8,1,0.8,3,0.6367949999999999,majority_n2_8_k_1_b_0,c:\Users\nly99857\OneDrive - Philips\SW Projects\SSF\work\benchmarks\ark_matrix\beam_procedural_mc_n2_8_k_1_p_0_8.json
beam,procedural_mc,8,1,0.8,4,0.6177025,hybrid_horiz_pyr_maj_n2_8_k_1_split_2_6_b_2,c:\Users\nly99857\OneDrive - Philips\SW Projects\SSF\work\benchmarks\ark_matrix\beam_procedural_mc_n2_8_k_1_p_0_8.json
beam,procedural_mc,8,1,0.8,5,0.616875,hybrid_horiz_maj_pyr_n2_8_k_1_split_6_2_b_2,c:\Users\nly99857\OneDrive - Philips\SW Projects\SSF\work\benchmarks\ark_matrix\beam_procedural_mc_n2_8_k_1_p_0_8.json
beam,procedural_mc,8,1,0.8,6,0.61218,hybrid_vert_maj_pyr_n2_8_k_1_s_1_b_0,c:\Users\nly99857\OneDrive - Philips\SW Projects\SSF\work\benchmarks\ark_matrix\beam_procedural_mc_n2_8_k_1_p_0_8.json
beam,procedural_mc,8,1,0.8,7,0.582515,majority_n2_8_k_1_b_2,c:\Users\nly99857\OneDrive - Philips\SW Projects\SSF\work\benchmarks\ark_matrix\beam_procedural_mc_n2_8_k_1_p_0_8.json
beam,procedural_mc,8,1,0.9,1,0.6498550000000001,hybrid_vert_maj_pyr_n2_8_k_1_s_1_b_0,c:\Users\nly99857\OneDrive - Philips\SW Projects\SSF\work\benchmarks\ark_matrix\beam_procedural_mc_n2_8_k_1_p_0_9.json
beam,procedural_mc,8,1,0.9,2,0.648875,hybrid_horiz_pyr_maj_n2_8_k_1_split_2_6_b_0,c:\Users\nly99857\OneDrive - Philips\SW Projects\SSF\work\benchmarks\ark_matrix\beam_procedural_mc_n2_8_k_1_p_0_9.json
beam,procedural_mc,8,1,0.9,3,0.647785,hybrid_horiz_maj_pyr_n2_8_k_1_split_6_2_b_0,c:\Users\nly99857\OneDrive - Philips\SW Projects\SSF\work\benchmarks\ark_matrix\beam_procedural_mc_n2_8_k_1_p_0_9.json
beam,procedural_mc,8,1,0.9,4,0.637225,hybrid_horiz_pyr_maj_n2_8_k_1_split_2_6_b_2,c:\Users\nly99857\OneDrive - Philips\SW Projects\SSF\work\benchmarks\ark_matrix\beam_procedural_mc_n2_8_k_1_p_0_9.json
beam,procedural_mc,8,1,0.9,5,0.6367949999999999,majority_n2_8_k_1_b_0,c:\Users\nly99857\OneDrive - Philips\SW Projects\SSF\work\benchmarks\ark_matrix\beam_procedural_mc_n2_8_k_1_p_0_9.json
beam,procedural_mc,8,1,0.9,6,0.63625,hybrid_horiz_maj_pyr_n2_8_k_1_split_6_2_b_2,c:\Users\nly99857\OneDrive - Philips\SW Projects\SSF\work\benchmarks\ark_matrix\beam_procedural_mc_n2_8_k_1_p_0_9.json
beam,procedural_mc,8,1,0.9,7,0.582515,majority_n2_8_k_1_b_2,c:\Users\nly99857\OneDrive - Philips\SW Projects\SSF\work\benchmarks\ark_matrix\beam_procedural_mc_n2_8_k_1_p_0_9.json
beam,procedural_mc,8,7,0.7,1,0.635885,majority_n2_8_k_7_b_0,c:\Users\nly99857\OneDrive - Philips\SW Projects\SSF\work\benchmarks\ark_matrix\beam_procedural_mc_n2_8_k_7_p_0_7.json
beam,procedural_mc,8,7,0.7,2,0.633055,hybrid_horiz_maj_pyr_n2_8_k_7_split_6_2_b_0,c:\Users\nly99857\OneDrive - Philips\SW Projects\SSF\work\benchmarks\ark_matrix\beam_procedural_mc_n2_8_k_7_p_0_7.json
beam,procedural_mc,8,7,0.7,3,0.63292,hybrid_horiz_pyr_maj_n2_8_k_7_split_2_6_b_0,c:\Users\nly99857\OneDrive - Philips\SW Projects\SSF\work\benchmarks\ark_matrix\beam_procedural_mc_n2_8_k_7_p_0_7.json
beam,procedural_mc,8,7,0.7,4,0.6129625,hybrid_horiz_pyr_maj_n2_8_k_7_split_4_4_b_0,c:\Users\nly99857\OneDrive - Philips\SW Projects\SSF\work\benchmarks\ark_matrix\beam_procedural_mc_n2_8_k_7_p_0_7.json
beam,procedural_mc,8,7,0.7,5,0.6109675,hybrid_horiz_maj_pyr_n2_8_k_7_split_4_4_b_0,c:\Users\nly99857\OneDrive - Philips\SW Projects\SSF\work\benchmarks\ark_matrix\beam_procedural_mc_n2_8_k_7_p_0_7.json
beam,procedural_mc,8,7,0.7,6,0.5978100000000001,hybrid_horiz_maj_pyr_n2_8_k_7_split_6_2_b_2,c:\Users\nly99857\OneDrive - Philips\SW Projects\SSF\work\benchmarks\ark_matrix\beam_procedural_mc_n2_8_k_7_p_0_7.json
beam,procedural_mc,8,7,0.7,7,0.5972925,hybrid_horiz_pyr_maj_n2_8_k_7_split_2_6_b_2,c:\Users\nly99857\OneDrive - Philips\SW Projects\SSF\work\benchmarks\ark_matrix\beam_procedural_mc_n2_8_k_7_p_0_7.json
beam,procedural_mc,8,7,0.7,8,0.58196,majority_n2_8_k_7_b_2,c:\Users\nly99857\OneDrive - Philips\SW Projects\SSF\work\benchmarks\ark_matrix\beam_procedural_mc_n2_8_k_7_p_0_7.json
beam,procedural_mc,8,7,0.7,9,0.5759675,hybrid_vert_pyr_maj_n2_8_k_7_s_1_b_0,c:\Users\nly99857\OneDrive - Philips\SW Projects\SSF\work\benchmarks\ark_matrix\beam_procedural_mc_n2_8_k_7_p_0_7.json
beam,procedural_mc,8,7,0.7,10,0.574725,hybrid_vert_maj_pyr_n2_8_k_7_s_1_b_0,c:\Users\nly99857\OneDrive - Philips\SW Projects\SSF\work\benchmarks\ark_matrix\beam_procedural_mc_n2_8_k_7_p_0_7.json
beam,procedural_mc,8,7,0.8,1,0.640575,hybrid_horiz_pyr_maj_n2_8_k_7_split_2_6_b_0,c:\Users\nly99857\OneDrive - Philips\SW Projects\SSF\work\benchmarks\ark_matrix\beam_procedural_mc_n2_8_k_7_p_0_8.json
beam,procedural_mc,8,7,0.8,2,0.6401650000000001,hybrid_horiz_maj_pyr_n2_8_k_7_split_6_2_b_0,c:\Users\nly99857\OneDrive - Philips\SW Projects\SSF\work\benchmarks\ark_matrix\beam_procedural_mc_n2_8_k_7_p_0_8.json
beam,procedural_mc,8,7,0.8,3,0.635885,majority_n2_8_k_7_b_0,c:\Users\nly99857\OneDrive - Philips\SW Projects\SSF\work\benchmarks\ark_matrix\beam_procedural_mc_n2_8_k_7_p_0_8.json
beam,procedural_mc,8,7,0.8,4,0.627565,hybrid_horiz_pyr_maj_n2_8_k_7_split_4_4_b_0,c:\Users\nly99857\OneDrive - Philips\SW Projects\SSF\work\benchmarks\ark_matrix\beam_procedural_mc_n2_8_k_7_p_0_8.json
beam,procedural_mc,8,7,0.8,5,0.6272099999999999,hybrid_horiz_maj_pyr_n2_8_k_7_split_4_4_b_0,c:\Users\nly99857\OneDrive - Philips\SW Projects\SSF\work\benchmarks\ark_matrix\beam_procedural_mc_n2_8_k_7_p_0_8.json
beam,procedural_mc,8,7,0.8,6,0.6172550000000001,hybrid_horiz_maj_pyr_n2_8_k_7_split_6_2_b_2,c:\Users\nly99857\OneDrive - Philips\SW Projects\SSF\work\benchmarks\ark_matrix\beam_procedural_mc_n2_8_k_7_p_0_8.json
beam,procedural_mc,8,7,0.8,7,0.6169950000000001,hybrid_horiz_pyr_maj_n2_8_k_7_split_2_6_b_2,c:\Users\nly99857\OneDrive - Philips\SW Projects\SSF\work\benchmarks\ark_matrix\beam_procedural_mc_n2_8_k_7_p_0_8.json
beam,procedural_mc,8,7,0.8,8,0.6124674999999999,hybrid_vert_pyr_maj_n2_8_k_7_s_1_b_0,c:\Users\nly99857\OneDrive - Philips\SW Projects\SSF\work\benchmarks\ark_matrix\beam_procedural_mc_n2_8_k_7_p_0_8.json
beam,procedural_mc,8,7,0.8,9,0.6114775,hybrid_vert_maj_pyr_n2_8_k_7_s_1_b_0,c:\Users\nly99857\OneDrive - Philips\SW Projects\SSF\work\benchmarks\ark_matrix\beam_procedural_mc_n2_8_k_7_p_0_8.json
beam,procedural_mc,8,7,0.8,10,0.6077,pyramid_n2_8_k_7,c:\Users\nly99857\OneDrive - Philips\SW Projects\SSF\work\benchmarks\ark_matrix\beam_procedural_mc_n2_8_k_7_p_0_8.json
beam,procedural_mc,8,7,0.9,1,0.7550825000000001,pyramid_n2_8_k_7,c:\Users\nly99857\OneDrive - Philips\SW Projects\SSF\work\benchmarks\ark_matrix\beam_procedural_mc_n2_8_k_7_p_0_9.json
beam,procedural_mc,8,7,0.9,2,0.6605025,hybrid_vert_maj_pyr_n2_8_k_7_s_2_b_0,c:\Users\nly99857\OneDrive - Philips\SW Projects\SSF\work\benchmarks\ark_matrix\beam_procedural_mc_n2_8_k_7_p_0_9.json
beam,procedural_mc,8,7,0.9,3,0.6603924999999998,hybrid_vert_pyr_maj_n2_8_k_7_s_2_b_0,c:\Users\nly99857\OneDrive - Philips\SW Projects\SSF\work\benchmarks\ark_matrix\beam_procedural_mc_n2_8_k_7_p_0_9.json
beam,procedural_mc,8,7,0.9,4,0.6540075,hybrid_horiz_pyr_maj_n2_8_k_7_split_4_4_b_0,c:\Users\nly99857\OneDrive - Philips\SW Projects\SSF\work\benchmarks\ark_matrix\beam_procedural_mc_n2_8_k_7_p_0_9.json
beam,procedural_mc,8,7,0.9,5,0.6534675,hybrid_horiz_maj_pyr_n2_8_k_7_split_4_4_b_0,c:\Users\nly99857\OneDrive - Philips\SW Projects\SSF\work\benchmarks\ark_matrix\beam_procedural_mc_n2_8_k_7_p_0_9.json
beam,procedural_mc,8,7,0.9,6,0.649755,hybrid_vert_pyr_maj_n2_8_k_7_s_1_b_0,c:\Users\nly99857\OneDrive - Philips\SW Projects\SSF\work\benchmarks\ark_matrix\beam_procedural_mc_n2_8_k_7_p_0_9.json
beam,procedural_mc,8,7,0.9,7,0.64954,hybrid_vert_maj_pyr_n2_8_k_7_s_1_b_0,c:\Users\nly99857\OneDrive - Philips\SW Projects\SSF\work\benchmarks\ark_matrix\beam_procedural_mc_n2_8_k_7_p_0_9.json
beam,procedural_mc,8,7,0.9,8,0.648485,hybrid_horiz_pyr_maj_n2_8_k_7_split_2_6_b_0,c:\Users\nly99857\OneDrive - Philips\SW Projects\SSF\work\benchmarks\ark_matrix\beam_procedural_mc_n2_8_k_7_p_0_9.json
beam,procedural_mc,8,7,0.9,9,0.6483550000000001,hybrid_horiz_maj_pyr_n2_8_k_7_split_6_2_b_0,c:\Users\nly99857\OneDrive - Philips\SW Projects\SSF\work\benchmarks\ark_matrix\beam_procedural_mc_n2_8_k_7_p_0_9.json
beam,procedural_mc,8,7,0.9,10,0.637125,hybrid_horiz_maj_pyr_n2_8_k_7_split_6_2_b_2,c:\Users\nly99857\OneDrive - Philips\SW Projects\SSF\work\benchmarks\ark_matrix\beam_procedural_mc_n2_8_k_7_p_0_9.json
beam,procedural_mc,16,1,0.7,1,0.598205,majority_n2_16_k_1_b_0,c:\Users\nly99857\OneDrive - Philips\SW Projects\SSF\work\benchmarks\ark_matrix\beam_procedural_mc_n2_16_k_1_p_0_7.json
beam,procedural_mc,16,1,0.7,2,0.59723875,hybrid_horiz_maj_pyr_n2_16_k_1_split_14_2_b_0,c:\Users\nly99857\OneDrive - Philips\SW Projects\SSF\work\benchmarks\ark_matrix\beam_procedural_mc_n2_16_k_1_p_0_7.json
beam,procedural_mc,16,1,0.7,3,0.59702625,hybrid_horiz_pyr_maj_n2_16_k_1_split_2_14_b_0,c:\Users\nly99857\OneDrive - Philips\SW Projects\SSF\work\benchmarks\ark_matrix\beam_procedural_mc_n2_16_k_1_p_0_7.json
beam,procedural_mc,16,1,0.7,4,0.5833737500000001,hybrid_horiz_maj_pyr_n2_16_k_1_split_14_2_b_2,c:\Users\nly99857\OneDrive - Philips\SW Projects\SSF\work\benchmarks\ark_matrix\beam_procedural_mc_n2_16_k_1_p_0_7.json
beam,procedural_mc,16,1,0.7,5,0.58332625,hybrid_horiz_pyr_maj_n2_16_k_1_split_2_14_b_2,c:\Users\nly99857\OneDrive - Philips\SW Projects\SSF\work\benchmarks\ark_matrix\beam_procedural_mc_n2_16_k_1_p_0_7.json
beam,procedural_mc,16,1,0.7,6,0.576385,majority_n2_16_k_1_b_2,c:\Users\nly99857\OneDrive - Philips\SW Projects\SSF\work\benchmarks\ark_matrix\beam_procedural_mc_n2_16_k_1_p_0_7.json
beam,procedural_mc,16,1,0.7,7,0.55934375,hybrid_horiz_maj_pyr_n2_16_k_1_split_14_2_b_4,c:\Users\nly99857\OneDrive - Philips\SW Projects\SSF\work\benchmarks\ark_matrix\beam_procedural_mc_n2_16_k_1_p_0_7.json
beam,procedural_mc,16,1,0.7,8,0.5585962499999999,hybrid_horiz_pyr_maj_n2_16_k_1_split_2_14_b_4,c:\Users\nly99857\OneDrive - Philips\SW Projects\SSF\work\benchmarks\ark_matrix\beam_procedural_mc_n2_16_k_1_p_0_7.json
beam,procedural_mc,16,1,0.7,9,0.5549225,hybrid_vert_maj_pyr_n2_16_k_1_s_1_b_0,c:\Users\nly99857\OneDrive - Philips\SW Projects\SSF\work\benchmarks\ark_matrix\beam_procedural_mc_n2_16_k_1_p_0_7.json
beam,procedural_mc,16,1,0.7,10,0.545555,majority_n2_16_k_1_b_4,c:\Users\nly99857\OneDrive - Philips\SW Projects\SSF\work\benchmarks\ark_matrix\beam_procedural_mc_n2_16_k_1_p_0_7.json
beam,procedural_mc,16,1,0.8,1,0.59968,hybrid_horiz_pyr_maj_n2_16_k_1_split_2_14_b_0,c:\Users\nly99857\OneDrive - Philips\SW Projects\SSF\work\benchmarks\ark_matrix\beam_procedural_mc_n2_16_k_1_p_0_8.json
beam,procedural_mc,16,1,0.8,2,0.59963875,hybrid_horiz_maj_pyr_n2_16_k_1_split_14_2_b_0,c:\Users\nly99857\OneDrive - Philips\SW Projects\SSF\work\benchmarks\ark_matrix\beam_procedural_mc_n2_16_k_1_p_0_8.json
beam,procedural_mc,16,1,0.8,3,0.598205,majority_n2_16_k_1_b_0,c:\Users\nly99857\OneDrive - Philips\SW Projects\SSF\work\benchmarks\ark_matrix\beam_procedural_mc_n2_16_k_1_p_0_8.json
beam,procedural_mc,16,1,0.8,4,0.5906275,hybrid_horiz_pyr_maj_n2_16_k_1_split_2_14_b_2,c:\Users\nly99857\OneDrive - Philips\SW Projects\SSF\work\benchmarks\ark_matrix\beam_procedural_mc_n2_16_k_1_p_0_8.json
beam,procedural_mc,16,1,0.8,5,0.5904862500000001,hybrid_horiz_maj_pyr_n2_16_k_1_split_14_2_b_2,c:\Users\nly99857\OneDrive - Philips\SW Projects\SSF\work\benchmarks\ark_matrix\beam_procedural_mc_n2_16_k_1_p_0_8.json
beam,procedural_mc,16,1,0.8,6,0.5824374999999999,hybrid_vert_maj_pyr_n2_16_k_1_s_1_b_0,c:\Users\nly99857\OneDrive - Philips\SW Projects\SSF\work\benchmarks\ark_matrix\beam_procedural_mc_n2_16_k_1_p_0_8.json
beam,procedural_mc,16,1,0.8,7,0.576385,majority_n2_16_k_1_b_2,c:\Users\nly99857\OneDrive - Philips\SW Projects\SSF\work\benchmarks\ark_matrix\beam_procedural_mc_n2_16_k_1_p_0_8.json
beam,procedural_mc,16,1,0.8,8,0.5695637500000001,hybrid_horiz_maj_pyr_n2_16_k_1_split_14_2_b_4,c:\Users\nly99857\OneDrive - Philips\SW Projects\SSF\work\benchmarks\ark_matrix\beam_procedural_mc_n2_16_k_1_p_0_8.json
beam,procedural_mc,16,1,0.8,9,0.5689649999999999,hybrid_horiz_pyr_maj_n2_16_k_1_split_2_14_b_4,c:\Users\nly99857\OneDrive - Philips\SW Projects\SSF\work\benchmarks\ark_matrix\beam_procedural_mc_n2_16_k_1_p_0_8.json
beam,procedural_mc,16,1,0.8,10,0.5515212500000001,hybrid_horiz_maj_pyr_n2_16_k_1_split_14_2_b_6,c:\Users\nly99857\OneDrive - Philips\SW Projects\SSF\work\benchmarks\ark_matrix\beam_procedural_mc_n2_16_k_1_p_0_8.json
beam,procedural_mc,16,1,0.9,1,0.6100787499999999,hybrid_vert_maj_pyr_n2_16_k_1_s_1_b_0,c:\Users\nly99857\OneDrive - Philips\SW Projects\SSF\work\benchmarks\ark_matrix\beam_procedural_mc_n2_16_k_1_p_0_9.json
beam,procedural_mc,16,1,0.9,2,0.6023225,hybrid_horiz_maj_pyr_n2_16_k_1_split_14_2_b_0,c:\Users\nly99857\OneDrive - Philips\SW Projects\SSF\work\benchmarks\ark_matrix\beam_procedural_mc_n2_16_k_1_p_0_9.json
beam,procedural_mc,16,1,0.9,3,0.60224875,hybrid_horiz_pyr_maj_n2_16_k_1_split_2_14_b_0,c:\Users\nly99857\OneDrive - Philips\SW Projects\SSF\work\benchmarks\ark_matrix\beam_procedural_mc_n2_16_k_1_p_0_9.json
beam,procedural_mc,16,1,0.9,4,0.598205,majority_n2_16_k_1_b_0,c:\Users\nly99857\OneDrive - Philips\SW Projects\SSF\work\benchmarks\ark_matrix\beam_procedural_mc_n2_16_k_1_p_0_9.json
beam,procedural_mc,16,1,0.9,5,0.5977675000000001,hybrid_horiz_maj_pyr_n2_16_k_1_split_14_2_b_2,c:\Users\nly99857\OneDrive - Philips\SW Projects\SSF\work\benchmarks\ark_matrix\beam_procedural_mc_n2_16_k_1_p_0_9.json
beam,procedural_mc,16,1,0.9,6,0.59776375,hybrid_horiz_pyr_maj_n2_16_k_1_split_2_14_b_2,c:\Users\nly99857\OneDrive - Philips\SW Projects\SSF\work\benchmarks\ark_matrix\beam_procedural_mc_n2_16_k_1_p_0_9.json
beam,procedural_mc,16,1,0.9,7,0.5797125000000001,hybrid_horiz_maj_pyr_n2_16_k_1_split_14_2_b_4,c:\Users\nly99857\OneDrive - Philips\SW Projects\SSF\work\benchmarks\ark_matrix\beam_procedural_mc_n2_16_k_1_p_0_9.json
beam,procedural_mc,16,1,0.9,8,0.57922125,hybrid_horiz_pyr_maj_n2_16_k_1_split_2_14_b_4,c:\Users\nly99857\OneDrive - Philips\SW Projects\SSF\work\benchmarks\ark_matrix\beam_procedural_mc_n2_16_k_1_p_0_9.json
beam,procedural_mc,16,1,0.9,9,0.576385,majority_n2_16_k_1_b_2,c:\Users\nly99857\OneDrive - Philips\SW Projects\SSF\work\benchmarks\ark_matrix\beam_procedural_mc_n2_16_k_1_p_0_9.json
beam,procedural_mc,16,1,0.9,10,0.5656912500000001,hybrid_vert_maj_pyr_n2_16_k_1_s_1_b_2,c:\Users\nly99857\OneDrive - Philips\SW Projects\SSF\work\benchmarks\ark_matrix\beam_procedural_mc_n2_16_k_1_p_0_9.json
